empresa,tipo_demonstracao,arquivo_origem,aba_origem,ordem_linha,conta_pt,conta_en,ano,trimestre,periodo,unidade,valor
Azzas 2154,DRE Pro Forma,2Q26 Results Spreadsheet.xlsx,P&L Pro Forma,1,Receita Bruta,Gross Revenue,2022,1,1Q22,BRL_MILLIONS,2271.3
Azzas 2154,DRE Pro Forma,2Q26 Results Spreadsheet.xlsx,P&L Pro Forma,2,Deduções,Deductions,2022,1,1Q22,BRL_MILLIONS,-354.6
Azzas 2154,DRE Pro Forma,2Q26 Results Spreadsheet.xlsx,P&L Pro Forma,3,Receita Líquida,Net Revenue,2022,1,1Q22,BRL_MILLIONS,1916.7
Azzas 2154,DRE Pro Forma,2Q26 Results Spreadsheet.xlsx,P&L Pro Forma,4,Custo da Mercadoria Vendida (CMV),Cost of Goods Sold (COGS),2022,1,1Q22,BRL_MILLIONS,-889.6
Azzas 2154,DRE Pro Forma,2Q26 Results Spreadsheet.xlsx,P&L Pro Forma,5,CMV (ex. D&A),COGS (ex. D&A),2022,1,1Q22,BRL_MILLIONS,-881.1
Azzas 2154,DRE Pro Forma,2Q26 Results Spreadsheet.xlsx,P&L Pro Forma,6,CMV (ex. D&A ex. IFRS-16),COGS (ex. D&A ex. IFRS-16),2022,1,1Q22,BRL_MILLIONS,-882.3
Azzas 2154,DRE Pro Forma,2Q26 Results Spreadsheet.xlsx,P&L Pro Forma,7,Arrendamentos (Impacto IFRS-16),Leases (IFRS-16 Impact),2022,1,1Q22,BRL_MILLIONS,1.2
Azzas 2154,DRE Pro Forma,2Q26 Results Spreadsheet.xlsx,P&L Pro Forma,8,Depreciação e Amortização,Depreciation and Amortization,2022,1,1Q22,BRL_MILLIONS,-8.5
Azzas 2154,DRE Pro Forma,2Q26 Results Spreadsheet.xlsx,P&L Pro Forma,9,Lucro Bruto,Gross Profit,2022,1,1Q22,BRL_MILLIONS,1027.1
Azzas 2154,DRE Pro Forma,2Q26 Results Spreadsheet.xlsx,P&L Pro Forma,10,Despesa Total,Total Expenses,2022,1,1Q22,BRL_MILLIONS,-804.1
Azzas 2154,DRE Pro Forma,2Q26 Results Spreadsheet.xlsx,P&L Pro Forma,11,Despesas,Expenses,2022,1,1Q22,BRL_MILLIONS,-718.1
Azzas 2154,DRE Pro Forma,2Q26 Results Spreadsheet.xlsx,P&L Pro Forma,12,Fixas,Fixed,2022,1,1Q22,BRL_MILLIONS,-349.0
Azzas 2154,DRE Pro Forma,2Q26 Results Spreadsheet.xlsx,P&L Pro Forma,13,Variáveis,Variable,2022,1,1Q22,BRL_MILLIONS,-390.7
Azzas 2154,DRE Pro Forma,2Q26 Results Spreadsheet.xlsx,P&L Pro Forma,14,Eventuais,Eventuals,2022,1,1Q22,BRL_MILLIONS,-20.1
Azzas 2154,DRE Pro Forma,2Q26 Results Spreadsheet.xlsx,P&L Pro Forma,15,Arrendamentos (Impacto IFRS-16),Leases (IFRS-16 Impact),2022,1,1Q22,BRL_MILLIONS,41.7
Azzas 2154,DRE Pro Forma,2Q26 Results Spreadsheet.xlsx,P&L Pro Forma,16,Depreciação e Amortização,Depreciation and Amortization,2022,1,1Q22,BRL_MILLIONS,-86.0
Azzas 2154,DRE Pro Forma,2Q26 Results Spreadsheet.xlsx,P&L Pro Forma,17,Perda por Impairment,Impairment losses,2022,1,1Q22,BRL_MILLIONS,0.0
Azzas 2154,DRE Pro Forma,2Q26 Results Spreadsheet.xlsx,P&L Pro Forma,18,EBIT,EBIT,2022,1,1Q22,BRL_MILLIONS,223.0
Azzas 2154,DRE Pro Forma,2Q26 Results Spreadsheet.xlsx,P&L Pro Forma,19,Resultado Financeiro,Financial Results,2022,1,1Q22,BRL_MILLIONS,-63.2
Azzas 2154,DRE Pro Forma,2Q26 Results Spreadsheet.xlsx,P&L Pro Forma,20,EBT,EBT,2022,1,1Q22,BRL_MILLIONS,159.8
Azzas 2154,DRE Pro Forma,2Q26 Results Spreadsheet.xlsx,P&L Pro Forma,21,IRPJ e CSLL,Income Tax and Social Contribution,2022,1,1Q22,BRL_MILLIONS,-3.0
Azzas 2154,DRE Pro Forma,2Q26 Results Spreadsheet.xlsx,P&L Pro Forma,22,Lucro (Prejuízo),Profit (Loss),2022,1,1Q22,BRL_MILLIONS,156.8
Azzas 2154,DRE Pro Forma,2Q26 Results Spreadsheet.xlsx,P&L Pro Forma,23,Lucro Bruto,Gross Profit,2022,1,1Q22,BRL_MILLIONS,1027.1
Azzas 2154,DRE Pro Forma,2Q26 Results Spreadsheet.xlsx,P&L Pro Forma,24,Margem Bruta,Gross Margin,2022,1,1Q22,RATIO,0.536
Azzas 2154,DRE Pro Forma,2Q26 Results Spreadsheet.xlsx,P&L Pro Forma,25,EBITDA,EBITDA,2022,1,1Q22,BRL_MILLIONS,317.4999999999999
Azzas 2154,DRE Pro Forma,2Q26 Results Spreadsheet.xlsx,P&L Pro Forma,26,Margem EBITDA,EBITDA Margin,2022,1,1Q22,RATIO,0.166
Azzas 2154,DRE Pro Forma,2Q26 Results Spreadsheet.xlsx,P&L Pro Forma,27,EBITDA (pré IFRS-16),EBITDA (ex. IFRS-16),2022,1,1Q22,BRL_MILLIONS,274.5999999999999
Azzas 2154,DRE Pro Forma,2Q26 Results Spreadsheet.xlsx,P&L Pro Forma,28,Margem EBITDA (pré IFRS-16),EBITDA Margin (ex. IFRS-16),2022,1,1Q22,RATIO,0.143
Azzas 2154,DRE Pro Forma,2Q26 Results Spreadsheet.xlsx,P&L Pro Forma,29,Lucro Líquido,Net Income,2022,1,1Q22,BRL_MILLIONS,156.7999999999999
Azzas 2154,DRE Pro Forma,2Q26 Results Spreadsheet.xlsx,P&L Pro Forma,30,Margem Líquida,Net Margin,2022,1,1Q22,RATIO,0.082
Azzas 2154,DRE Pro Forma,2Q26 Results Spreadsheet.xlsx,P&L Pro Forma,1,Receita Bruta,Gross Revenue,2022,2,2Q22,BRL_MILLIONS,2613.5
Azzas 2154,DRE Pro Forma,2Q26 Results Spreadsheet.xlsx,P&L Pro Forma,2,Deduções,Deductions,2022,2,2Q22,BRL_MILLIONS,-402.7
Azzas 2154,DRE Pro Forma,2Q26 Results Spreadsheet.xlsx,P&L Pro Forma,3,Receita Líquida,Net Revenue,2022,2,2Q22,BRL_MILLIONS,2210.8
Azzas 2154,DRE Pro Forma,2Q26 Results Spreadsheet.xlsx,P&L Pro Forma,4,Custo da Mercadoria Vendida (CMV),Cost of Goods Sold (COGS),2022,2,2Q22,BRL_MILLIONS,-951.9
Azzas 2154,DRE Pro Forma,2Q26 Results Spreadsheet.xlsx,P&L Pro Forma,5,CMV (ex. D&A),COGS (ex. D&A),2022,2,2Q22,BRL_MILLIONS,-943.2
Azzas 2154,DRE Pro Forma,2Q26 Results Spreadsheet.xlsx,P&L Pro Forma,6,CMV (ex. D&A ex. IFRS-16),COGS (ex. D&A ex. IFRS-16),2022,2,2Q22,BRL_MILLIONS,-944.4
Azzas 2154,DRE Pro Forma,2Q26 Results Spreadsheet.xlsx,P&L Pro Forma,7,Arrendamentos (Impacto IFRS-16),Leases (IFRS-16 Impact),2022,2,2Q22,BRL_MILLIONS,1.2
Azzas 2154,DRE Pro Forma,2Q26 Results Spreadsheet.xlsx,P&L Pro Forma,8,Depreciação e Amortização,Depreciation and Amortization,2022,2,2Q22,BRL_MILLIONS,-8.7
Azzas 2154,DRE Pro Forma,2Q26 Results Spreadsheet.xlsx,P&L Pro Forma,9,Lucro Bruto,Gross Profit,2022,2,2Q22,BRL_MILLIONS,1258.9
Azzas 2154,DRE Pro Forma,2Q26 Results Spreadsheet.xlsx,P&L Pro Forma,10,Despesa Total,Total Expenses,2022,2,2Q22,BRL_MILLIONS,-965.4
Azzas 2154,DRE Pro Forma,2Q26 Results Spreadsheet.xlsx,P&L Pro Forma,11,Despesas,Expenses,2022,2,2Q22,BRL_MILLIONS,-874.3
Azzas 2154,DRE Pro Forma,2Q26 Results Spreadsheet.xlsx,P&L Pro Forma,12,Fixas,Fixed,2022,2,2Q22,BRL_MILLIONS,-384.8
Azzas 2154,DRE Pro Forma,2Q26 Results Spreadsheet.xlsx,P&L Pro Forma,13,Variáveis,Variable,2022,2,2Q22,BRL_MILLIONS,-402.5
Azzas 2154,DRE Pro Forma,2Q26 Results Spreadsheet.xlsx,P&L Pro Forma,14,Eventuais,Eventuals,2022,2,2Q22,BRL_MILLIONS,-131.9
Azzas 2154,DRE Pro Forma,2Q26 Results Spreadsheet.xlsx,P&L Pro Forma,15,Arrendamentos (Impacto IFRS-16),Leases (IFRS-16 Impact),2022,2,2Q22,BRL_MILLIONS,44.9
Azzas 2154,DRE Pro Forma,2Q26 Results Spreadsheet.xlsx,P&L Pro Forma,16,Depreciação e Amortização,Depreciation and Amortization,2022,2,2Q22,BRL_MILLIONS,-91.1
Azzas 2154,DRE Pro Forma,2Q26 Results Spreadsheet.xlsx,P&L Pro Forma,17,Perda por Impairment,Impairment losses,2022,2,2Q22,BRL_MILLIONS,0.0
Azzas 2154,DRE Pro Forma,2Q26 Results Spreadsheet.xlsx,P&L Pro Forma,18,EBIT,EBIT,2022,2,2Q22,BRL_MILLIONS,293.5
Azzas 2154,DRE Pro Forma,2Q26 Results Spreadsheet.xlsx,P&L Pro Forma,19,Resultado Financeiro,Financial Results,2022,2,2Q22,BRL_MILLIONS,-70.3
Azzas 2154,DRE Pro Forma,2Q26 Results Spreadsheet.xlsx,P&L Pro Forma,20,EBT,EBT,2022,2,2Q22,BRL_MILLIONS,223.2
Azzas 2154,DRE Pro Forma,2Q26 Results Spreadsheet.xlsx,P&L Pro Forma,21,IRPJ e CSLL,Income Tax and Social Contribution,2022,2,2Q22,BRL_MILLIONS,30.5
Azzas 2154,DRE Pro Forma,2Q26 Results Spreadsheet.xlsx,P&L Pro Forma,22,Lucro (Prejuízo),Profit (Loss),2022,2,2Q22,BRL_MILLIONS,253.7
Azzas 2154,DRE Pro Forma,2Q26 Results Spreadsheet.xlsx,P&L Pro Forma,23,Lucro Bruto,Gross Profit,2022,2,2Q22,BRL_MILLIONS,1258.9
Azzas 2154,DRE Pro Forma,2Q26 Results Spreadsheet.xlsx,P&L Pro Forma,24,Margem Bruta,Gross Margin,2022,2,2Q22,RATIO,0.569
Azzas 2154,DRE Pro Forma,2Q26 Results Spreadsheet.xlsx,P&L Pro Forma,25,EBITDA,EBITDA,2022,2,2Q22,BRL_MILLIONS,393.3000000000001
Azzas 2154,DRE Pro Forma,2Q26 Results Spreadsheet.xlsx,P&L Pro Forma,26,Margem EBITDA,EBITDA Margin,2022,2,2Q22,RATIO,0.178
Azzas 2154,DRE Pro Forma,2Q26 Results Spreadsheet.xlsx,P&L Pro Forma,27,EBITDA (pré IFRS-16),EBITDA (ex. IFRS-16),2022,2,2Q22,BRL_MILLIONS,347.20000000000016
Azzas 2154,DRE Pro Forma,2Q26 Results Spreadsheet.xlsx,P&L Pro Forma,28,Margem EBITDA (pré IFRS-16),EBITDA Margin (ex. IFRS-16),2022,2,2Q22,RATIO,0.157
Azzas 2154,DRE Pro Forma,2Q26 Results Spreadsheet.xlsx,P&L Pro Forma,29,Lucro Líquido,Net Income,2022,2,2Q22,BRL_MILLIONS,253.7000000000001
Azzas 2154,DRE Pro Forma,2Q26 Results Spreadsheet.xlsx,P&L Pro Forma,30,Margem Líquida,Net Margin,2022,2,2Q22,RATIO,0.115
Azzas 2154,DRE Pro Forma,2Q26 Results Spreadsheet.xlsx,P&L Pro Forma,1,Receita Bruta,Gross Revenue,2022,3,3Q22,BRL_MILLIONS,2969.5
Azzas 2154,DRE Pro Forma,2Q26 Results Spreadsheet.xlsx,P&L Pro Forma,2,Deduções,Deductions,2022,3,3Q22,BRL_MILLIONS,-466.4
Azzas 2154,DRE Pro Forma,2Q26 Results Spreadsheet.xlsx,P&L Pro Forma,3,Receita Líquida,Net Revenue,2022,3,3Q22,BRL_MILLIONS,2503.1
Azzas 2154,DRE Pro Forma,2Q26 Results Spreadsheet.xlsx,P&L Pro Forma,4,Custo da Mercadoria Vendida (CMV),Cost of Goods Sold (COGS),2022,3,3Q22,BRL_MILLIONS,-1132.9
Azzas 2154,DRE Pro Forma,2Q26 Results Spreadsheet.xlsx,P&L Pro Forma,5,CMV (ex. D&A),COGS (ex. D&A),2022,3,3Q22,BRL_MILLIONS,-1123.9
Azzas 2154,DRE Pro Forma,2Q26 Results Spreadsheet.xlsx,P&L Pro Forma,6,CMV (ex. D&A ex. IFRS-16),COGS (ex. D&A ex. IFRS-16),2022,3,3Q22,BRL_MILLIONS,-1125.1
Azzas 2154,DRE Pro Forma,2Q26 Results Spreadsheet.xlsx,P&L Pro Forma,7,Arrendamentos (Impacto IFRS-16),Leases (IFRS-16 Impact),2022,3,3Q22,BRL_MILLIONS,1.2
Azzas 2154,DRE Pro Forma,2Q26 Results Spreadsheet.xlsx,P&L Pro Forma,8,Depreciação e Amortização,Depreciation and Amortization,2022,3,3Q22,BRL_MILLIONS,-9.0
Azzas 2154,DRE Pro Forma,2Q26 Results Spreadsheet.xlsx,P&L Pro Forma,9,Lucro Bruto,Gross Profit,2022,3,3Q22,BRL_MILLIONS,1370.2
Azzas 2154,DRE Pro Forma,2Q26 Results Spreadsheet.xlsx,P&L Pro Forma,10,Despesa Total,Total Expenses,2022,3,3Q22,BRL_MILLIONS,-1059.4
Azzas 2154,DRE Pro Forma,2Q26 Results Spreadsheet.xlsx,P&L Pro Forma,11,Despesas,Expenses,2022,3,3Q22,BRL_MILLIONS,-976.4
Azzas 2154,DRE Pro Forma,2Q26 Results Spreadsheet.xlsx,P&L Pro Forma,12,Fixas,Fixed,2022,3,3Q22,BRL_MILLIONS,-419.8
Azzas 2154,DRE Pro Forma,2Q26 Results Spreadsheet.xlsx,P&L Pro Forma,13,Variáveis,Variable,2022,3,3Q22,BRL_MILLIONS,-456.4
Azzas 2154,DRE Pro Forma,2Q26 Results Spreadsheet.xlsx,P&L Pro Forma,14,Eventuais,Eventuals,2022,3,3Q22,BRL_MILLIONS,-148.4
Azzas 2154,DRE Pro Forma,2Q26 Results Spreadsheet.xlsx,P&L Pro Forma,15,Arrendamentos (Impacto IFRS-16),Leases (IFRS-16 Impact),2022,3,3Q22,BRL_MILLIONS,48.2
Azzas 2154,DRE Pro Forma,2Q26 Results Spreadsheet.xlsx,P&L Pro Forma,16,Depreciação e Amortização,Depreciation and Amortization,2022,3,3Q22,BRL_MILLIONS,-83.0
Azzas 2154,DRE Pro Forma,2Q26 Results Spreadsheet.xlsx,P&L Pro Forma,17,Perda por Impairment,Impairment losses,2022,3,3Q22,BRL_MILLIONS,0.0
Azzas 2154,DRE Pro Forma,2Q26 Results Spreadsheet.xlsx,P&L Pro Forma,18,EBIT,EBIT,2022,3,3Q22,BRL_MILLIONS,310.8
Azzas 2154,DRE Pro Forma,2Q26 Results Spreadsheet.xlsx,P&L Pro Forma,19,Resultado Financeiro,Financial Results,2022,3,3Q22,BRL_MILLIONS,-91.2
Azzas 2154,DRE Pro Forma,2Q26 Results Spreadsheet.xlsx,P&L Pro Forma,20,EBT,EBT,2022,3,3Q22,BRL_MILLIONS,219.6
Azzas 2154,DRE Pro Forma,2Q26 Results Spreadsheet.xlsx,P&L Pro Forma,21,IRPJ e CSLL,Income Tax and Social Contribution,2022,3,3Q22,BRL_MILLIONS,1.2
Azzas 2154,DRE Pro Forma,2Q26 Results Spreadsheet.xlsx,P&L Pro Forma,22,Lucro (Prejuízo),Profit (Loss),2022,3,3Q22,BRL_MILLIONS,220.8
Azzas 2154,DRE Pro Forma,2Q26 Results Spreadsheet.xlsx,P&L Pro Forma,23,Lucro Bruto,Gross Profit,2022,3,3Q22,BRL_MILLIONS,1370.1999999999998
Azzas 2154,DRE Pro Forma,2Q26 Results Spreadsheet.xlsx,P&L Pro Forma,24,Margem Bruta,Gross Margin,2022,3,3Q22,RATIO,0.547
Azzas 2154,DRE Pro Forma,2Q26 Results Spreadsheet.xlsx,P&L Pro Forma,25,EBITDA,EBITDA,2022,3,3Q22,BRL_MILLIONS,402.7999999999997
Azzas 2154,DRE Pro Forma,2Q26 Results Spreadsheet.xlsx,P&L Pro Forma,26,Margem EBITDA,EBITDA Margin,2022,3,3Q22,RATIO,0.161
Azzas 2154,DRE Pro Forma,2Q26 Results Spreadsheet.xlsx,P&L Pro Forma,27,EBITDA (pré IFRS-16),EBITDA (ex. IFRS-16),2022,3,3Q22,BRL_MILLIONS,353.39999999999975
Azzas 2154,DRE Pro Forma,2Q26 Results Spreadsheet.xlsx,P&L Pro Forma,28,Margem EBITDA (pré IFRS-16),EBITDA Margin (ex. IFRS-16),2022,3,3Q22,RATIO,0.141
Azzas 2154,DRE Pro Forma,2Q26 Results Spreadsheet.xlsx,P&L Pro Forma,29,Lucro Líquido,Net Income,2022,3,3Q22,BRL_MILLIONS,220.79999999999973
Azzas 2154,DRE Pro Forma,2Q26 Results Spreadsheet.xlsx,P&L Pro Forma,30,Margem Líquida,Net Margin,2022,3,3Q22,RATIO,0.088
Azzas 2154,DRE Pro Forma,2Q26 Results Spreadsheet.xlsx,P&L Pro Forma,1,Receita Bruta,Gross Revenue,2022,4,4Q22,BRL_MILLIONS,3306.3
Azzas 2154,DRE Pro Forma,2Q26 Results Spreadsheet.xlsx,P&L Pro Forma,2,Deduções,Deductions,2022,4,4Q22,BRL_MILLIONS,-557.0
Azzas 2154,DRE Pro Forma,2Q26 Results Spreadsheet.xlsx,P&L Pro Forma,3,Receita Líquida,Net Revenue,2022,4,4Q22,BRL_MILLIONS,2749.3
Azzas 2154,DRE Pro Forma,2Q26 Results Spreadsheet.xlsx,P&L Pro Forma,4,Custo da Mercadoria Vendida (CMV),Cost of Goods Sold (COGS),2022,4,4Q22,BRL_MILLIONS,-1292.0
Azzas 2154,DRE Pro Forma,2Q26 Results Spreadsheet.xlsx,P&L Pro Forma,5,CMV (ex. D&A),COGS (ex. D&A),2022,4,4Q22,BRL_MILLIONS,-1282.6
Azzas 2154,DRE Pro Forma,2Q26 Results Spreadsheet.xlsx,P&L Pro Forma,6,CMV (ex. D&A ex. IFRS-16),COGS (ex. D&A ex. IFRS-16),2022,4,4Q22,BRL_MILLIONS,-1283.7
Azzas 2154,DRE Pro Forma,2Q26 Results Spreadsheet.xlsx,P&L Pro Forma,7,Arrendamentos (Impacto IFRS-16),Leases (IFRS-16 Impact),2022,4,4Q22,BRL_MILLIONS,1.1
Azzas 2154,DRE Pro Forma,2Q26 Results Spreadsheet.xlsx,P&L Pro Forma,8,Depreciação e Amortização,Depreciation and Amortization,2022,4,4Q22,BRL_MILLIONS,-9.4
Azzas 2154,DRE Pro Forma,2Q26 Results Spreadsheet.xlsx,P&L Pro Forma,9,Lucro Bruto,Gross Profit,2022,4,4Q22,BRL_MILLIONS,1457.3
Azzas 2154,DRE Pro Forma,2Q26 Results Spreadsheet.xlsx,P&L Pro Forma,10,Despesa Total,Total Expenses,2022,4,4Q22,BRL_MILLIONS,-1175.3
Azzas 2154,DRE Pro Forma,2Q26 Results Spreadsheet.xlsx,P&L Pro Forma,11,Despesas,Expenses,2022,4,4Q22,BRL_MILLIONS,-1046.9
Azzas 2154,DRE Pro Forma,2Q26 Results Spreadsheet.xlsx,P&L Pro Forma,12,Fixas,Fixed,2022,4,4Q22,BRL_MILLIONS,-449.6
Azzas 2154,DRE Pro Forma,2Q26 Results Spreadsheet.xlsx,P&L Pro Forma,13,Variáveis,Variable,2022,4,4Q22,BRL_MILLIONS,-556.1
Azzas 2154,DRE Pro Forma,2Q26 Results Spreadsheet.xlsx,P&L Pro Forma,14,Eventuais,Eventuals,2022,4,4Q22,BRL_MILLIONS,-123.4
Azzas 2154,DRE Pro Forma,2Q26 Results Spreadsheet.xlsx,P&L Pro Forma,15,Arrendamentos (Impacto IFRS-16),Leases (IFRS-16 Impact),2022,4,4Q22,BRL_MILLIONS,82.2
Azzas 2154,DRE Pro Forma,2Q26 Results Spreadsheet.xlsx,P&L Pro Forma,16,Depreciação e Amortização,Depreciation and Amortization,2022,4,4Q22,BRL_MILLIONS,-128.4
Azzas 2154,DRE Pro Forma,2Q26 Results Spreadsheet.xlsx,P&L Pro Forma,17,Perda por Impairment,Impairment losses,2022,4,4Q22,BRL_MILLIONS,0.0
Azzas 2154,DRE Pro Forma,2Q26 Results Spreadsheet.xlsx,P&L Pro Forma,18,EBIT,EBIT,2022,4,4Q22,BRL_MILLIONS,282.0
Azzas 2154,DRE Pro Forma,2Q26 Results Spreadsheet.xlsx,P&L Pro Forma,19,Resultado Financeiro,Financial Results,2022,4,4Q22,BRL_MILLIONS,-128.1
Azzas 2154,DRE Pro Forma,2Q26 Results Spreadsheet.xlsx,P&L Pro Forma,20,EBT,EBT,2022,4,4Q22,BRL_MILLIONS,153.9
Azzas 2154,DRE Pro Forma,2Q26 Results Spreadsheet.xlsx,P&L Pro Forma,21,IRPJ e CSLL,Income Tax and Social Contribution,2022,4,4Q22,BRL_MILLIONS,47.5
Azzas 2154,DRE Pro Forma,2Q26 Results Spreadsheet.xlsx,P&L Pro Forma,22,Lucro (Prejuízo),Profit (Loss),2022,4,4Q22,BRL_MILLIONS,201.4
Azzas 2154,DRE Pro Forma,2Q26 Results Spreadsheet.xlsx,P&L Pro Forma,23,Lucro Bruto,Gross Profit,2022,4,4Q22,BRL_MILLIONS,1457.3000000000002
Azzas 2154,DRE Pro Forma,2Q26 Results Spreadsheet.xlsx,P&L Pro Forma,24,Margem Bruta,Gross Margin,2022,4,4Q22,RATIO,0.53
Azzas 2154,DRE Pro Forma,2Q26 Results Spreadsheet.xlsx,P&L Pro Forma,25,EBITDA,EBITDA,2022,4,4Q22,BRL_MILLIONS,419.79999999999995
Azzas 2154,DRE Pro Forma,2Q26 Results Spreadsheet.xlsx,P&L Pro Forma,26,Margem EBITDA,EBITDA Margin,2022,4,4Q22,RATIO,0.153
Azzas 2154,DRE Pro Forma,2Q26 Results Spreadsheet.xlsx,P&L Pro Forma,27,EBITDA (pré IFRS-16),EBITDA (ex. IFRS-16),2022,4,4Q22,BRL_MILLIONS,336.49999999999994
Azzas 2154,DRE Pro Forma,2Q26 Results Spreadsheet.xlsx,P&L Pro Forma,28,Margem EBITDA (pré IFRS-16),EBITDA Margin (ex. IFRS-16),2022,4,4Q22,RATIO,0.122
Azzas 2154,DRE Pro Forma,2Q26 Results Spreadsheet.xlsx,P&L Pro Forma,29,Lucro Líquido,Net Income,2022,4,4Q22,BRL_MILLIONS,201.4
Azzas 2154,DRE Pro Forma,2Q26 Results Spreadsheet.xlsx,P&L Pro Forma,30,Margem Líquida,Net Margin,2022,4,4Q22,RATIO,0.073
Azzas 2154,DRE Pro Forma,2Q26 Results Spreadsheet.xlsx,P&L Pro Forma,1,Receita Bruta,Gross Revenue,2023,1,1Q23,BRL_MILLIONS,2789.9
Azzas 2154,DRE Pro Forma,2Q26 Results Spreadsheet.xlsx,P&L Pro Forma,2,Deduções,Deductions,2023,1,1Q23,BRL_MILLIONS,-492.0
Azzas 2154,DRE Pro Forma,2Q26 Results Spreadsheet.xlsx,P&L Pro Forma,3,Receita Líquida,Net Revenue,2023,1,1Q23,BRL_MILLIONS,2297.9
Azzas 2154,DRE Pro Forma,2Q26 Results Spreadsheet.xlsx,P&L Pro Forma,4,Custo da Mercadoria Vendida (CMV),Cost of Goods Sold (COGS),2023,1,1Q23,BRL_MILLIONS,-1057.9
Azzas 2154,DRE Pro Forma,2Q26 Results Spreadsheet.xlsx,P&L Pro Forma,5,CMV (ex. D&A),COGS (ex. D&A),2023,1,1Q23,BRL_MILLIONS,-1048.9
Azzas 2154,DRE Pro Forma,2Q26 Results Spreadsheet.xlsx,P&L Pro Forma,6,CMV (ex. D&A ex. IFRS-16),COGS (ex. D&A ex. IFRS-16),2023,1,1Q23,BRL_MILLIONS,-1050.0
Azzas 2154,DRE Pro Forma,2Q26 Results Spreadsheet.xlsx,P&L Pro Forma,7,Arrendamentos (Impacto IFRS-16),Leases (IFRS-16 Impact),2023,1,1Q23,BRL_MILLIONS,1.1
Azzas 2154,DRE Pro Forma,2Q26 Results Spreadsheet.xlsx,P&L Pro Forma,8,Depreciação e Amortização,Depreciation and Amortization,2023,1,1Q23,BRL_MILLIONS,-9.0
Azzas 2154,DRE Pro Forma,2Q26 Results Spreadsheet.xlsx,P&L Pro Forma,9,Lucro Bruto,Gross Profit,2023,1,1Q23,BRL_MILLIONS,1240.0
Azzas 2154,DRE Pro Forma,2Q26 Results Spreadsheet.xlsx,P&L Pro Forma,10,Despesa Total,Total Expenses,2023,1,1Q23,BRL_MILLIONS,-1040.3
Azzas 2154,DRE Pro Forma,2Q26 Results Spreadsheet.xlsx,P&L Pro Forma,11,Despesas,Expenses,2023,1,1Q23,BRL_MILLIONS,-932.3
Azzas 2154,DRE Pro Forma,2Q26 Results Spreadsheet.xlsx,P&L Pro Forma,12,Fixas,Fixed,2023,1,1Q23,BRL_MILLIONS,-416.3
Azzas 2154,DRE Pro Forma,2Q26 Results Spreadsheet.xlsx,P&L Pro Forma,13,Variáveis,Variable,2023,1,1Q23,BRL_MILLIONS,-443.0
Azzas 2154,DRE Pro Forma,2Q26 Results Spreadsheet.xlsx,P&L Pro Forma,14,Eventuais,Eventuals,2023,1,1Q23,BRL_MILLIONS,-131.0
Azzas 2154,DRE Pro Forma,2Q26 Results Spreadsheet.xlsx,P&L Pro Forma,15,Arrendamentos (Impacto IFRS-16),Leases (IFRS-16 Impact),2023,1,1Q23,BRL_MILLIONS,58.0
Azzas 2154,DRE Pro Forma,2Q26 Results Spreadsheet.xlsx,P&L Pro Forma,16,Depreciação e Amortização,Depreciation and Amortization,2023,1,1Q23,BRL_MILLIONS,-108.0
Azzas 2154,DRE Pro Forma,2Q26 Results Spreadsheet.xlsx,P&L Pro Forma,17,Perda por Impairment,Impairment losses,2023,1,1Q23,BRL_MILLIONS,0.0
Azzas 2154,DRE Pro Forma,2Q26 Results Spreadsheet.xlsx,P&L Pro Forma,18,EBIT,EBIT,2023,1,1Q23,BRL_MILLIONS,199.7
Azzas 2154,DRE Pro Forma,2Q26 Results Spreadsheet.xlsx,P&L Pro Forma,19,Resultado Financeiro,Financial Results,2023,1,1Q23,BRL_MILLIONS,-116.3
Azzas 2154,DRE Pro Forma,2Q26 Results Spreadsheet.xlsx,P&L Pro Forma,20,EBT,EBT,2023,1,1Q23,BRL_MILLIONS,83.4
Azzas 2154,DRE Pro Forma,2Q26 Results Spreadsheet.xlsx,P&L Pro Forma,21,IRPJ e CSLL,Income Tax and Social Contribution,2023,1,1Q23,BRL_MILLIONS,48.1
Azzas 2154,DRE Pro Forma,2Q26 Results Spreadsheet.xlsx,P&L Pro Forma,22,Lucro (Prejuízo),Profit (Loss),2023,1,1Q23,BRL_MILLIONS,131.5
Azzas 2154,DRE Pro Forma,2Q26 Results Spreadsheet.xlsx,P&L Pro Forma,23,Lucro Bruto,Gross Profit,2023,1,1Q23,BRL_MILLIONS,1240.0
Azzas 2154,DRE Pro Forma,2Q26 Results Spreadsheet.xlsx,P&L Pro Forma,24,Margem Bruta,Gross Margin,2023,1,1Q23,RATIO,0.54
Azzas 2154,DRE Pro Forma,2Q26 Results Spreadsheet.xlsx,P&L Pro Forma,25,EBITDA,EBITDA,2023,1,1Q23,BRL_MILLIONS,316.70000000000005
Azzas 2154,DRE Pro Forma,2Q26 Results Spreadsheet.xlsx,P&L Pro Forma,26,Margem EBITDA,EBITDA Margin,2023,1,1Q23,RATIO,0.138
Azzas 2154,DRE Pro Forma,2Q26 Results Spreadsheet.xlsx,P&L Pro Forma,27,EBITDA (pré IFRS-16),EBITDA (ex. IFRS-16),2023,1,1Q23,BRL_MILLIONS,257.6
Azzas 2154,DRE Pro Forma,2Q26 Results Spreadsheet.xlsx,P&L Pro Forma,28,Margem EBITDA (pré IFRS-16),EBITDA Margin (ex. IFRS-16),2023,1,1Q23,RATIO,0.112
Azzas 2154,DRE Pro Forma,2Q26 Results Spreadsheet.xlsx,P&L Pro Forma,29,Lucro Líquido,Net Income,2023,1,1Q23,BRL_MILLIONS,131.50000000000006
Azzas 2154,DRE Pro Forma,2Q26 Results Spreadsheet.xlsx,P&L Pro Forma,30,Margem Líquida,Net Margin,2023,1,1Q23,RATIO,0.057
Azzas 2154,DRE Pro Forma,2Q26 Results Spreadsheet.xlsx,P&L Pro Forma,1,Receita Bruta,Gross Revenue,2023,2,2Q23,BRL_MILLIONS,3047.9
Azzas 2154,DRE Pro Forma,2Q26 Results Spreadsheet.xlsx,P&L Pro Forma,2,Deduções,Deductions,2023,2,2Q23,BRL_MILLIONS,-551.2
Azzas 2154,DRE Pro Forma,2Q26 Results Spreadsheet.xlsx,P&L Pro Forma,3,Receita Líquida,Net Revenue,2023,2,2Q23,BRL_MILLIONS,2496.7
Azzas 2154,DRE Pro Forma,2Q26 Results Spreadsheet.xlsx,P&L Pro Forma,4,Custo da Mercadoria Vendida (CMV),Cost of Goods Sold (COGS),2023,2,2Q23,BRL_MILLIONS,-1119.6
Azzas 2154,DRE Pro Forma,2Q26 Results Spreadsheet.xlsx,P&L Pro Forma,5,CMV (ex. D&A),COGS (ex. D&A),2023,2,2Q23,BRL_MILLIONS,-1110.5
Azzas 2154,DRE Pro Forma,2Q26 Results Spreadsheet.xlsx,P&L Pro Forma,6,CMV (ex. D&A ex. IFRS-16),COGS (ex. D&A ex. IFRS-16),2023,2,2Q23,BRL_MILLIONS,-1111.6
Azzas 2154,DRE Pro Forma,2Q26 Results Spreadsheet.xlsx,P&L Pro Forma,7,Arrendamentos (Impacto IFRS-16),Leases (IFRS-16 Impact),2023,2,2Q23,BRL_MILLIONS,1.1
Azzas 2154,DRE Pro Forma,2Q26 Results Spreadsheet.xlsx,P&L Pro Forma,8,Depreciação e Amortização,Depreciation and Amortization,2023,2,2Q23,BRL_MILLIONS,-9.1
Azzas 2154,DRE Pro Forma,2Q26 Results Spreadsheet.xlsx,P&L Pro Forma,9,Lucro Bruto,Gross Profit,2023,2,2Q23,BRL_MILLIONS,1377.1
Azzas 2154,DRE Pro Forma,2Q26 Results Spreadsheet.xlsx,P&L Pro Forma,10,Despesa Total,Total Expenses,2023,2,2Q23,BRL_MILLIONS,-1092.6
Azzas 2154,DRE Pro Forma,2Q26 Results Spreadsheet.xlsx,P&L Pro Forma,11,Despesas,Expenses,2023,2,2Q23,BRL_MILLIONS,-970.2
Azzas 2154,DRE Pro Forma,2Q26 Results Spreadsheet.xlsx,P&L Pro Forma,12,Fixas,Fixed,2023,2,2Q23,BRL_MILLIONS,-413.2
Azzas 2154,DRE Pro Forma,2Q26 Results Spreadsheet.xlsx,P&L Pro Forma,13,Variáveis,Variable,2023,2,2Q23,BRL_MILLIONS,-449.2
Azzas 2154,DRE Pro Forma,2Q26 Results Spreadsheet.xlsx,P&L Pro Forma,14,Eventuais,Eventuals,2023,2,2Q23,BRL_MILLIONS,-169.0
Azzas 2154,DRE Pro Forma,2Q26 Results Spreadsheet.xlsx,P&L Pro Forma,15,Arrendamentos (Impacto IFRS-16),Leases (IFRS-16 Impact),2023,2,2Q23,BRL_MILLIONS,61.2
Azzas 2154,DRE Pro Forma,2Q26 Results Spreadsheet.xlsx,P&L Pro Forma,16,Depreciação e Amortização,Depreciation and Amortization,2023,2,2Q23,BRL_MILLIONS,-122.4
Azzas 2154,DRE Pro Forma,2Q26 Results Spreadsheet.xlsx,P&L Pro Forma,17,Perda por Impairment,Impairment losses,2023,2,2Q23,BRL_MILLIONS,0.0
Azzas 2154,DRE Pro Forma,2Q26 Results Spreadsheet.xlsx,P&L Pro Forma,18,EBIT,EBIT,2023,2,2Q23,BRL_MILLIONS,284.5
Azzas 2154,DRE Pro Forma,2Q26 Results Spreadsheet.xlsx,P&L Pro Forma,19,Resultado Financeiro,Financial Results,2023,2,2Q23,BRL_MILLIONS,-146.0
Azzas 2154,DRE Pro Forma,2Q26 Results Spreadsheet.xlsx,P&L Pro Forma,20,EBT,EBT,2023,2,2Q23,BRL_MILLIONS,138.5
Azzas 2154,DRE Pro Forma,2Q26 Results Spreadsheet.xlsx,P&L Pro Forma,21,IRPJ e CSLL,Income Tax and Social Contribution,2023,2,2Q23,BRL_MILLIONS,65.7
Azzas 2154,DRE Pro Forma,2Q26 Results Spreadsheet.xlsx,P&L Pro Forma,22,Lucro (Prejuízo),Profit (Loss),2023,2,2Q23,BRL_MILLIONS,204.2
Azzas 2154,DRE Pro Forma,2Q26 Results Spreadsheet.xlsx,P&L Pro Forma,23,Lucro Bruto,Gross Profit,2023,2,2Q23,BRL_MILLIONS,1377.1
Azzas 2154,DRE Pro Forma,2Q26 Results Spreadsheet.xlsx,P&L Pro Forma,24,Margem Bruta,Gross Margin,2023,2,2Q23,RATIO,0.552
Azzas 2154,DRE Pro Forma,2Q26 Results Spreadsheet.xlsx,P&L Pro Forma,25,EBITDA,EBITDA,2023,2,2Q23,BRL_MILLIONS,416.0
Azzas 2154,DRE Pro Forma,2Q26 Results Spreadsheet.xlsx,P&L Pro Forma,26,Margem EBITDA,EBITDA Margin,2023,2,2Q23,RATIO,0.167
Azzas 2154,DRE Pro Forma,2Q26 Results Spreadsheet.xlsx,P&L Pro Forma,27,EBITDA (pré IFRS-16),EBITDA (ex. IFRS-16),2023,2,2Q23,BRL_MILLIONS,353.7
Azzas 2154,DRE Pro Forma,2Q26 Results Spreadsheet.xlsx,P&L Pro Forma,28,Margem EBITDA (pré IFRS-16),EBITDA Margin (ex. IFRS-16),2023,2,2Q23,RATIO,0.142
Azzas 2154,DRE Pro Forma,2Q26 Results Spreadsheet.xlsx,P&L Pro Forma,29,Lucro Líquido,Net Income,2023,2,2Q23,BRL_MILLIONS,204.2
Azzas 2154,DRE Pro Forma,2Q26 Results Spreadsheet.xlsx,P&L Pro Forma,30,Margem Líquida,Net Margin,2023,2,2Q23,RATIO,0.082
Azzas 2154,DRE Pro Forma,2Q26 Results Spreadsheet.xlsx,P&L Pro Forma,1,Receita Bruta,Gross Revenue,2023,3,3Q23,BRL_MILLIONS,3274.3
Azzas 2154,DRE Pro Forma,2Q26 Results Spreadsheet.xlsx,P&L Pro Forma,2,Deduções,Deductions,2023,3,3Q23,BRL_MILLIONS,-559.6
Azzas 2154,DRE Pro Forma,2Q26 Results Spreadsheet.xlsx,P&L Pro Forma,3,Receita Líquida,Net Revenue,2023,3,3Q23,BRL_MILLIONS,2714.7
Azzas 2154,DRE Pro Forma,2Q26 Results Spreadsheet.xlsx,P&L Pro Forma,4,Custo da Mercadoria Vendida (CMV),Cost of Goods Sold (COGS),2023,3,3Q23,BRL_MILLIONS,-1226.7
Azzas 2154,DRE Pro Forma,2Q26 Results Spreadsheet.xlsx,P&L Pro Forma,5,CMV (ex. D&A),COGS (ex. D&A),2023,3,3Q23,BRL_MILLIONS,-1217.7
Azzas 2154,DRE Pro Forma,2Q26 Results Spreadsheet.xlsx,P&L Pro Forma,6,CMV (ex. D&A ex. IFRS-16),COGS (ex. D&A ex. IFRS-16),2023,3,3Q23,BRL_MILLIONS,-1218.9
Azzas 2154,DRE Pro Forma,2Q26 Results Spreadsheet.xlsx,P&L Pro Forma,7,Arrendamentos (Impacto IFRS-16),Leases (IFRS-16 Impact),2023,3,3Q23,BRL_MILLIONS,1.2
Azzas 2154,DRE Pro Forma,2Q26 Results Spreadsheet.xlsx,P&L Pro Forma,8,Depreciação e Amortização,Depreciation and Amortization,2023,3,3Q23,BRL_MILLIONS,-9.0
Azzas 2154,DRE Pro Forma,2Q26 Results Spreadsheet.xlsx,P&L Pro Forma,9,Lucro Bruto,Gross Profit,2023,3,3Q23,BRL_MILLIONS,1488.0
Azzas 2154,DRE Pro Forma,2Q26 Results Spreadsheet.xlsx,P&L Pro Forma,10,Despesa Total,Total Expenses,2023,3,3Q23,BRL_MILLIONS,-1166.5
Azzas 2154,DRE Pro Forma,2Q26 Results Spreadsheet.xlsx,P&L Pro Forma,11,Despesas,Expenses,2023,3,3Q23,BRL_MILLIONS,-1041.3
Azzas 2154,DRE Pro Forma,2Q26 Results Spreadsheet.xlsx,P&L Pro Forma,12,Fixas,Fixed,2023,3,3Q23,BRL_MILLIONS,-470.0
Azzas 2154,DRE Pro Forma,2Q26 Results Spreadsheet.xlsx,P&L Pro Forma,13,Variáveis,Variable,2023,3,3Q23,BRL_MILLIONS,-510.5
Azzas 2154,DRE Pro Forma,2Q26 Results Spreadsheet.xlsx,P&L Pro Forma,14,Eventuais,Eventuals,2023,3,3Q23,BRL_MILLIONS,-123.0
Azzas 2154,DRE Pro Forma,2Q26 Results Spreadsheet.xlsx,P&L Pro Forma,15,Arrendamentos (Impacto IFRS-16),Leases (IFRS-16 Impact),2023,3,3Q23,BRL_MILLIONS,62.2
Azzas 2154,DRE Pro Forma,2Q26 Results Spreadsheet.xlsx,P&L Pro Forma,16,Depreciação e Amortização,Depreciation and Amortization,2023,3,3Q23,BRL_MILLIONS,-125.2
Azzas 2154,DRE Pro Forma,2Q26 Results Spreadsheet.xlsx,P&L Pro Forma,17,Perda por Impairment,Impairment losses,2023,3,3Q23,BRL_MILLIONS,0.0
Azzas 2154,DRE Pro Forma,2Q26 Results Spreadsheet.xlsx,P&L Pro Forma,18,EBIT,EBIT,2023,3,3Q23,BRL_MILLIONS,321.5
Azzas 2154,DRE Pro Forma,2Q26 Results Spreadsheet.xlsx,P&L Pro Forma,19,Resultado Financeiro,Financial Results,2023,3,3Q23,BRL_MILLIONS,-108.7
Azzas 2154,DRE Pro Forma,2Q26 Results Spreadsheet.xlsx,P&L Pro Forma,20,EBT,EBT,2023,3,3Q23,BRL_MILLIONS,212.8
Azzas 2154,DRE Pro Forma,2Q26 Results Spreadsheet.xlsx,P&L Pro Forma,21,IRPJ e CSLL,Income Tax and Social Contribution,2023,3,3Q23,BRL_MILLIONS,24.7
Azzas 2154,DRE Pro Forma,2Q26 Results Spreadsheet.xlsx,P&L Pro Forma,22,Lucro (Prejuízo),Profit (Loss),2023,3,3Q23,BRL_MILLIONS,237.5
Azzas 2154,DRE Pro Forma,2Q26 Results Spreadsheet.xlsx,P&L Pro Forma,23,Lucro Bruto,Gross Profit,2023,3,3Q23,BRL_MILLIONS,1487.9999999999998
Azzas 2154,DRE Pro Forma,2Q26 Results Spreadsheet.xlsx,P&L Pro Forma,24,Margem Bruta,Gross Margin,2023,3,3Q23,RATIO,0.548
Azzas 2154,DRE Pro Forma,2Q26 Results Spreadsheet.xlsx,P&L Pro Forma,25,EBITDA,EBITDA,2023,3,3Q23,BRL_MILLIONS,455.69999999999976
Azzas 2154,DRE Pro Forma,2Q26 Results Spreadsheet.xlsx,P&L Pro Forma,26,Margem EBITDA,EBITDA Margin,2023,3,3Q23,RATIO,0.168
Azzas 2154,DRE Pro Forma,2Q26 Results Spreadsheet.xlsx,P&L Pro Forma,27,EBITDA (pré IFRS-16),EBITDA (ex. IFRS-16),2023,3,3Q23,BRL_MILLIONS,392.2999999999998
Azzas 2154,DRE Pro Forma,2Q26 Results Spreadsheet.xlsx,P&L Pro Forma,28,Margem EBITDA (pré IFRS-16),EBITDA Margin (ex. IFRS-16),2023,3,3Q23,RATIO,0.145
Azzas 2154,DRE Pro Forma,2Q26 Results Spreadsheet.xlsx,P&L Pro Forma,29,Lucro Líquido,Net Income,2023,3,3Q23,BRL_MILLIONS,237.49999999999977
Azzas 2154,DRE Pro Forma,2Q26 Results Spreadsheet.xlsx,P&L Pro Forma,30,Margem Líquida,Net Margin,2023,3,3Q23,RATIO,0.087
Azzas 2154,DRE Pro Forma,2Q26 Results Spreadsheet.xlsx,P&L Pro Forma,1,Receita Bruta,Gross Revenue,2023,4,4Q23,BRL_MILLIONS,3667.3
Azzas 2154,DRE Pro Forma,2Q26 Results Spreadsheet.xlsx,P&L Pro Forma,2,Deduções,Deductions,2023,4,4Q23,BRL_MILLIONS,-666.0
Azzas 2154,DRE Pro Forma,2Q26 Results Spreadsheet.xlsx,P&L Pro Forma,3,Receita Líquida,Net Revenue,2023,4,4Q23,BRL_MILLIONS,3001.3
Azzas 2154,DRE Pro Forma,2Q26 Results Spreadsheet.xlsx,P&L Pro Forma,4,Custo da Mercadoria Vendida (CMV),Cost of Goods Sold (COGS),2023,4,4Q23,BRL_MILLIONS,-1365.3
Azzas 2154,DRE Pro Forma,2Q26 Results Spreadsheet.xlsx,P&L Pro Forma,5,CMV (ex. D&A),COGS (ex. D&A),2023,4,4Q23,BRL_MILLIONS,-1356.3
Azzas 2154,DRE Pro Forma,2Q26 Results Spreadsheet.xlsx,P&L Pro Forma,6,CMV (ex. D&A ex. IFRS-16),COGS (ex. D&A ex. IFRS-16),2023,4,4Q23,BRL_MILLIONS,-1357.2
Azzas 2154,DRE Pro Forma,2Q26 Results Spreadsheet.xlsx,P&L Pro Forma,7,Arrendamentos (Impacto IFRS-16),Leases (IFRS-16 Impact),2023,4,4Q23,BRL_MILLIONS,0.9
Azzas 2154,DRE Pro Forma,2Q26 Results Spreadsheet.xlsx,P&L Pro Forma,8,Depreciação e Amortização,Depreciation and Amortization,2023,4,4Q23,BRL_MILLIONS,-9.0
Azzas 2154,DRE Pro Forma,2Q26 Results Spreadsheet.xlsx,P&L Pro Forma,9,Lucro Bruto,Gross Profit,2023,4,4Q23,BRL_MILLIONS,1636.0
Azzas 2154,DRE Pro Forma,2Q26 Results Spreadsheet.xlsx,P&L Pro Forma,10,Despesa Total,Total Expenses,2023,4,4Q23,BRL_MILLIONS,-4248.3
Azzas 2154,DRE Pro Forma,2Q26 Results Spreadsheet.xlsx,P&L Pro Forma,11,Despesas,Expenses,2023,4,4Q23,BRL_MILLIONS,-1168.6
Azzas 2154,DRE Pro Forma,2Q26 Results Spreadsheet.xlsx,P&L Pro Forma,12,Fixas,Fixed,2023,4,4Q23,BRL_MILLIONS,-466.4
Azzas 2154,DRE Pro Forma,2Q26 Results Spreadsheet.xlsx,P&L Pro Forma,13,Variáveis,Variable,2023,4,4Q23,BRL_MILLIONS,-606.4
Azzas 2154,DRE Pro Forma,2Q26 Results Spreadsheet.xlsx,P&L Pro Forma,14,Eventuais,Eventuals,2023,4,4Q23,BRL_MILLIONS,-168.2
Azzas 2154,DRE Pro Forma,2Q26 Results Spreadsheet.xlsx,P&L Pro Forma,15,Arrendamentos (Impacto IFRS-16),Leases (IFRS-16 Impact),2023,4,4Q23,BRL_MILLIONS,72.4
Azzas 2154,DRE Pro Forma,2Q26 Results Spreadsheet.xlsx,P&L Pro Forma,16,Depreciação e Amortização,Depreciation and Amortization,2023,4,4Q23,BRL_MILLIONS,-127.6
Azzas 2154,DRE Pro Forma,2Q26 Results Spreadsheet.xlsx,P&L Pro Forma,17,Perda por Impairment,Impairment losses,2023,4,4Q23,BRL_MILLIONS,-2952.1
Azzas 2154,DRE Pro Forma,2Q26 Results Spreadsheet.xlsx,P&L Pro Forma,18,EBIT,EBIT,2023,4,4Q23,BRL_MILLIONS,-2612.3
Azzas 2154,DRE Pro Forma,2Q26 Results Spreadsheet.xlsx,P&L Pro Forma,19,Resultado Financeiro,Financial Results,2023,4,4Q23,BRL_MILLIONS,-144.7
Azzas 2154,DRE Pro Forma,2Q26 Results Spreadsheet.xlsx,P&L Pro Forma,20,EBT,EBT,2023,4,4Q23,BRL_MILLIONS,-2757.0
Azzas 2154,DRE Pro Forma,2Q26 Results Spreadsheet.xlsx,P&L Pro Forma,21,IRPJ e CSLL,Income Tax and Social Contribution,2023,4,4Q23,BRL_MILLIONS,1049.5
Azzas 2154,DRE Pro Forma,2Q26 Results Spreadsheet.xlsx,P&L Pro Forma,22,Lucro (Prejuízo),Profit (Loss),2023,4,4Q23,BRL_MILLIONS,-1707.5
Azzas 2154,DRE Pro Forma,2Q26 Results Spreadsheet.xlsx,P&L Pro Forma,23,Lucro Bruto,Gross Profit,2023,4,4Q23,BRL_MILLIONS,1636.0000000000002
Azzas 2154,DRE Pro Forma,2Q26 Results Spreadsheet.xlsx,P&L Pro Forma,24,Margem Bruta,Gross Margin,2023,4,4Q23,RATIO,0.545
Azzas 2154,DRE Pro Forma,2Q26 Results Spreadsheet.xlsx,P&L Pro Forma,25,EBITDA,EBITDA,2023,4,4Q23,BRL_MILLIONS,-2475.7000000000003
Azzas 2154,DRE Pro Forma,2Q26 Results Spreadsheet.xlsx,P&L Pro Forma,26,Margem EBITDA,EBITDA Margin,2023,4,4Q23,RATIO,-0.825
Azzas 2154,DRE Pro Forma,2Q26 Results Spreadsheet.xlsx,P&L Pro Forma,27,EBITDA (pré IFRS-16),EBITDA (ex. IFRS-16),2023,4,4Q23,BRL_MILLIONS,-2549.0000000000005
Azzas 2154,DRE Pro Forma,2Q26 Results Spreadsheet.xlsx,P&L Pro Forma,28,Margem EBITDA (pré IFRS-16),EBITDA Margin (ex. IFRS-16),2023,4,4Q23,RATIO,-0.849
Azzas 2154,DRE Pro Forma,2Q26 Results Spreadsheet.xlsx,P&L Pro Forma,29,Lucro Líquido,Net Income,2023,4,4Q23,BRL_MILLIONS,-1707.5
Azzas 2154,DRE Pro Forma,2Q26 Results Spreadsheet.xlsx,P&L Pro Forma,30,Margem Líquida,Net Margin,2023,4,4Q23,RATIO,-0.569
Azzas 2154,DRE Pro Forma,2Q26 Results Spreadsheet.xlsx,P&L Pro Forma,1,Receita Bruta,Gross Revenue,2024,1,1Q24,BRL_MILLIONS,2894.1
Azzas 2154,DRE Pro Forma,2Q26 Results Spreadsheet.xlsx,P&L Pro Forma,2,Deduções,Deductions,2024,1,1Q24,BRL_MILLIONS,-527.0
Azzas 2154,DRE Pro Forma,2Q26 Results Spreadsheet.xlsx,P&L Pro Forma,3,Receita Líquida,Net Revenue,2024,1,1Q24,BRL_MILLIONS,2367.1
Azzas 2154,DRE Pro Forma,2Q26 Results Spreadsheet.xlsx,P&L Pro Forma,4,Custo da Mercadoria Vendida (CMV),Cost of Goods Sold (COGS),2024,1,1Q24,BRL_MILLIONS,-1081.1
Azzas 2154,DRE Pro Forma,2Q26 Results Spreadsheet.xlsx,P&L Pro Forma,5,CMV (ex. D&A),COGS (ex. D&A),2024,1,1Q24,BRL_MILLIONS,-1071.5
Azzas 2154,DRE Pro Forma,2Q26 Results Spreadsheet.xlsx,P&L Pro Forma,6,CMV (ex. D&A ex. IFRS-16),COGS (ex. D&A ex. IFRS-16),2024,1,1Q24,BRL_MILLIONS,-1072.8
Azzas 2154,DRE Pro Forma,2Q26 Results Spreadsheet.xlsx,P&L Pro Forma,7,Arrendamentos (Impacto IFRS-16),Leases (IFRS-16 Impact),2024,1,1Q24,BRL_MILLIONS,1.3
Azzas 2154,DRE Pro Forma,2Q26 Results Spreadsheet.xlsx,P&L Pro Forma,8,Depreciação e Amortização,Depreciation and Amortization,2024,1,1Q24,BRL_MILLIONS,-9.6
Azzas 2154,DRE Pro Forma,2Q26 Results Spreadsheet.xlsx,P&L Pro Forma,9,Lucro Bruto,Gross Profit,2024,1,1Q24,BRL_MILLIONS,1286.0
Azzas 2154,DRE Pro Forma,2Q26 Results Spreadsheet.xlsx,P&L Pro Forma,10,Despesa Total,Total Expenses,2024,1,1Q24,BRL_MILLIONS,-1096.9
Azzas 2154,DRE Pro Forma,2Q26 Results Spreadsheet.xlsx,P&L Pro Forma,11,Despesas,Expenses,2024,1,1Q24,BRL_MILLIONS,-967.7
Azzas 2154,DRE Pro Forma,2Q26 Results Spreadsheet.xlsx,P&L Pro Forma,12,Fixas,Fixed,2024,1,1Q24,BRL_MILLIONS,-452.4
Azzas 2154,DRE Pro Forma,2Q26 Results Spreadsheet.xlsx,P&L Pro Forma,13,Variáveis,Variable,2024,1,1Q24,BRL_MILLIONS,-458.7
Azzas 2154,DRE Pro Forma,2Q26 Results Spreadsheet.xlsx,P&L Pro Forma,14,Eventuais,Eventuals,2024,1,1Q24,BRL_MILLIONS,-122.2
Azzas 2154,DRE Pro Forma,2Q26 Results Spreadsheet.xlsx,P&L Pro Forma,15,Arrendamentos (Impacto IFRS-16),Leases (IFRS-16 Impact),2024,1,1Q24,BRL_MILLIONS,65.6
Azzas 2154,DRE Pro Forma,2Q26 Results Spreadsheet.xlsx,P&L Pro Forma,16,Depreciação e Amortização,Depreciation and Amortization,2024,1,1Q24,BRL_MILLIONS,-129.2
Azzas 2154,DRE Pro Forma,2Q26 Results Spreadsheet.xlsx,P&L Pro Forma,17,Perda por Impairment,Impairment losses,2024,1,1Q24,BRL_MILLIONS,0.0
Azzas 2154,DRE Pro Forma,2Q26 Results Spreadsheet.xlsx,P&L Pro Forma,18,EBIT,EBIT,2024,1,1Q24,BRL_MILLIONS,189.1
Azzas 2154,DRE Pro Forma,2Q26 Results Spreadsheet.xlsx,P&L Pro Forma,19,Resultado Financeiro,Financial Results,2024,1,1Q24,BRL_MILLIONS,-143.8
Azzas 2154,DRE Pro Forma,2Q26 Results Spreadsheet.xlsx,P&L Pro Forma,20,EBT,EBT,2024,1,1Q24,BRL_MILLIONS,45.3
Azzas 2154,DRE Pro Forma,2Q26 Results Spreadsheet.xlsx,P&L Pro Forma,21,IRPJ e CSLL,Income Tax and Social Contribution,2024,1,1Q24,BRL_MILLIONS,35.0
Azzas 2154,DRE Pro Forma,2Q26 Results Spreadsheet.xlsx,P&L Pro Forma,22,Lucro (Prejuízo),Profit (Loss),2024,1,1Q24,BRL_MILLIONS,80.3
Azzas 2154,DRE Pro Forma,2Q26 Results Spreadsheet.xlsx,P&L Pro Forma,23,Lucro Bruto,Gross Profit,2024,1,1Q24,BRL_MILLIONS,1285.8999999999999
Azzas 2154,DRE Pro Forma,2Q26 Results Spreadsheet.xlsx,P&L Pro Forma,24,Margem Bruta,Gross Margin,2024,1,1Q24,RATIO,0.543
Azzas 2154,DRE Pro Forma,2Q26 Results Spreadsheet.xlsx,P&L Pro Forma,25,EBITDA,EBITDA,2024,1,1Q24,BRL_MILLIONS,327.8
Azzas 2154,DRE Pro Forma,2Q26 Results Spreadsheet.xlsx,P&L Pro Forma,26,Margem EBITDA,EBITDA Margin,2024,1,1Q24,RATIO,0.138
Azzas 2154,DRE Pro Forma,2Q26 Results Spreadsheet.xlsx,P&L Pro Forma,27,EBITDA (pré IFRS-16),EBITDA (ex. IFRS-16),2024,1,1Q24,BRL_MILLIONS,260.9
Azzas 2154,DRE Pro Forma,2Q26 Results Spreadsheet.xlsx,P&L Pro Forma,28,Margem EBITDA (pré IFRS-16),EBITDA Margin (ex. IFRS-16),2024,1,1Q24,RATIO,0.11
Azzas 2154,DRE Pro Forma,2Q26 Results Spreadsheet.xlsx,P&L Pro Forma,29,Lucro Líquido,Net Income,2024,1,1Q24,BRL_MILLIONS,80.19999999999999
Azzas 2154,DRE Pro Forma,2Q26 Results Spreadsheet.xlsx,P&L Pro Forma,30,Margem Líquida,Net Margin,2024,1,1Q24,RATIO,0.034
Azzas 2154,DRE Pro Forma,2Q26 Results Spreadsheet.xlsx,P&L Pro Forma,1,Receita Bruta,Gross Revenue,2024,2,2Q24,BRL_MILLIONS,3370.5
Azzas 2154,DRE Pro Forma,2Q26 Results Spreadsheet.xlsx,P&L Pro Forma,2,Deduções,Deductions,2024,2,2Q24,BRL_MILLIONS,-601.2
Azzas 2154,DRE Pro Forma,2Q26 Results Spreadsheet.xlsx,P&L Pro Forma,3,Receita Líquida,Net Revenue,2024,2,2Q24,BRL_MILLIONS,2769.3
Azzas 2154,DRE Pro Forma,2Q26 Results Spreadsheet.xlsx,P&L Pro Forma,4,Custo da Mercadoria Vendida (CMV),Cost of Goods Sold (COGS),2024,2,2Q24,BRL_MILLIONS,-1216.0
Azzas 2154,DRE Pro Forma,2Q26 Results Spreadsheet.xlsx,P&L Pro Forma,5,CMV (ex. D&A),COGS (ex. D&A),2024,2,2Q24,BRL_MILLIONS,-1206.3
Azzas 2154,DRE Pro Forma,2Q26 Results Spreadsheet.xlsx,P&L Pro Forma,6,CMV (ex. D&A ex. IFRS-16),COGS (ex. D&A ex. IFRS-16),2024,2,2Q24,BRL_MILLIONS,-1207.6
Azzas 2154,DRE Pro Forma,2Q26 Results Spreadsheet.xlsx,P&L Pro Forma,7,Arrendamentos (Impacto IFRS-16),Leases (IFRS-16 Impact),2024,2,2Q24,BRL_MILLIONS,1.3
Azzas 2154,DRE Pro Forma,2Q26 Results Spreadsheet.xlsx,P&L Pro Forma,8,Depreciação e Amortização,Depreciation and Amortization,2024,2,2Q24,BRL_MILLIONS,-9.7
Azzas 2154,DRE Pro Forma,2Q26 Results Spreadsheet.xlsx,P&L Pro Forma,9,Lucro Bruto,Gross Profit,2024,2,2Q24,BRL_MILLIONS,1553.3
Azzas 2154,DRE Pro Forma,2Q26 Results Spreadsheet.xlsx,P&L Pro Forma,10,Despesa Total,Total Expenses,2024,2,2Q24,BRL_MILLIONS,-1271.6
Azzas 2154,DRE Pro Forma,2Q26 Results Spreadsheet.xlsx,P&L Pro Forma,11,Despesas,Expenses,2024,2,2Q24,BRL_MILLIONS,-1136.3
Azzas 2154,DRE Pro Forma,2Q26 Results Spreadsheet.xlsx,P&L Pro Forma,12,Fixas,Fixed,2024,2,2Q24,BRL_MILLIONS,-514.1
Azzas 2154,DRE Pro Forma,2Q26 Results Spreadsheet.xlsx,P&L Pro Forma,13,Variáveis,Variable,2024,2,2Q24,BRL_MILLIONS,-521.9
Azzas 2154,DRE Pro Forma,2Q26 Results Spreadsheet.xlsx,P&L Pro Forma,14,Eventuais,Eventuals,2024,2,2Q24,BRL_MILLIONS,-163.1
Azzas 2154,DRE Pro Forma,2Q26 Results Spreadsheet.xlsx,P&L Pro Forma,15,Arrendamentos (Impacto IFRS-16),Leases (IFRS-16 Impact),2024,2,2Q24,BRL_MILLIONS,62.8
Azzas 2154,DRE Pro Forma,2Q26 Results Spreadsheet.xlsx,P&L Pro Forma,16,Depreciação e Amortização,Depreciation and Amortization,2024,2,2Q24,BRL_MILLIONS,-135.3
Azzas 2154,DRE Pro Forma,2Q26 Results Spreadsheet.xlsx,P&L Pro Forma,17,Perda por Impairment,Impairment losses,2024,2,2Q24,BRL_MILLIONS,0.0
Azzas 2154,DRE Pro Forma,2Q26 Results Spreadsheet.xlsx,P&L Pro Forma,18,EBIT,EBIT,2024,2,2Q24,BRL_MILLIONS,281.7
Azzas 2154,DRE Pro Forma,2Q26 Results Spreadsheet.xlsx,P&L Pro Forma,19,Resultado Financeiro,Financial Results,2024,2,2Q24,BRL_MILLIONS,-151.8
Azzas 2154,DRE Pro Forma,2Q26 Results Spreadsheet.xlsx,P&L Pro Forma,20,EBT,EBT,2024,2,2Q24,BRL_MILLIONS,129.9
Azzas 2154,DRE Pro Forma,2Q26 Results Spreadsheet.xlsx,P&L Pro Forma,21,IRPJ e CSLL,Income Tax and Social Contribution,2024,2,2Q24,BRL_MILLIONS,-24.1
Azzas 2154,DRE Pro Forma,2Q26 Results Spreadsheet.xlsx,P&L Pro Forma,22,Lucro (Prejuízo),Profit (Loss),2024,2,2Q24,BRL_MILLIONS,105.8
Azzas 2154,DRE Pro Forma,2Q26 Results Spreadsheet.xlsx,P&L Pro Forma,23,Lucro Bruto,Gross Profit,2024,2,2Q24,BRL_MILLIONS,1553.3000000000002
Azzas 2154,DRE Pro Forma,2Q26 Results Spreadsheet.xlsx,P&L Pro Forma,24,Margem Bruta,Gross Margin,2024,2,2Q24,RATIO,0.561
Azzas 2154,DRE Pro Forma,2Q26 Results Spreadsheet.xlsx,P&L Pro Forma,25,EBITDA,EBITDA,2024,2,2Q24,BRL_MILLIONS,426.7000000000003
Azzas 2154,DRE Pro Forma,2Q26 Results Spreadsheet.xlsx,P&L Pro Forma,26,Margem EBITDA,EBITDA Margin,2024,2,2Q24,RATIO,0.154
Azzas 2154,DRE Pro Forma,2Q26 Results Spreadsheet.xlsx,P&L Pro Forma,27,EBITDA (pré IFRS-16),EBITDA (ex. IFRS-16),2024,2,2Q24,BRL_MILLIONS,362.60000000000025
Azzas 2154,DRE Pro Forma,2Q26 Results Spreadsheet.xlsx,P&L Pro Forma,28,Margem EBITDA (pré IFRS-16),EBITDA Margin (ex. IFRS-16),2024,2,2Q24,RATIO,0.131
Azzas 2154,DRE Pro Forma,2Q26 Results Spreadsheet.xlsx,P&L Pro Forma,29,Lucro Líquido,Net Income,2024,2,2Q24,BRL_MILLIONS,105.80000000000027
Azzas 2154,DRE Pro Forma,2Q26 Results Spreadsheet.xlsx,P&L Pro Forma,30,Margem Líquida,Net Margin,2024,2,2Q24,RATIO,0.038
Azzas 2154,DRE Pro Forma,2Q26 Results Spreadsheet.xlsx,P&L Pro Forma,1,Receita Bruta,Gross Revenue,2024,3,3Q24,BRL_MILLIONS,3673.5
Azzas 2154,DRE Pro Forma,2Q26 Results Spreadsheet.xlsx,P&L Pro Forma,2,Deduções,Deductions,2024,3,3Q24,BRL_MILLIONS,-635.3
Azzas 2154,DRE Pro Forma,2Q26 Results Spreadsheet.xlsx,P&L Pro Forma,3,Receita Líquida,Net Revenue,2024,3,3Q24,BRL_MILLIONS,3038.2
Azzas 2154,DRE Pro Forma,2Q26 Results Spreadsheet.xlsx,P&L Pro Forma,4,Custo da Mercadoria Vendida (CMV),Cost of Goods Sold (COGS),2024,3,3Q24,BRL_MILLIONS,-1386.6
Azzas 2154,DRE Pro Forma,2Q26 Results Spreadsheet.xlsx,P&L Pro Forma,5,CMV (ex. D&A),COGS (ex. D&A),2024,3,3Q24,BRL_MILLIONS,-1376.5
Azzas 2154,DRE Pro Forma,2Q26 Results Spreadsheet.xlsx,P&L Pro Forma,6,CMV (ex. D&A ex. IFRS-16),COGS (ex. D&A ex. IFRS-16),2024,3,3Q24,BRL_MILLIONS,-1377.9
Azzas 2154,DRE Pro Forma,2Q26 Results Spreadsheet.xlsx,P&L Pro Forma,7,Arrendamentos (Impacto IFRS-16),Leases (IFRS-16 Impact),2024,3,3Q24,BRL_MILLIONS,1.3
Azzas 2154,DRE Pro Forma,2Q26 Results Spreadsheet.xlsx,P&L Pro Forma,8,Depreciação e Amortização,Depreciation and Amortization,2024,3,3Q24,BRL_MILLIONS,-10.2
Azzas 2154,DRE Pro Forma,2Q26 Results Spreadsheet.xlsx,P&L Pro Forma,9,Lucro Bruto,Gross Profit,2024,3,3Q24,BRL_MILLIONS,1651.4
Azzas 2154,DRE Pro Forma,2Q26 Results Spreadsheet.xlsx,P&L Pro Forma,10,Despesa Total,Total Expenses,2024,3,3Q24,BRL_MILLIONS,-1277.2
Azzas 2154,DRE Pro Forma,2Q26 Results Spreadsheet.xlsx,P&L Pro Forma,11,Despesas,Expenses,2024,3,3Q24,BRL_MILLIONS,-1130.5
Azzas 2154,DRE Pro Forma,2Q26 Results Spreadsheet.xlsx,P&L Pro Forma,12,Fixas,Fixed,2024,3,3Q24,BRL_MILLIONS,-568.6
Azzas 2154,DRE Pro Forma,2Q26 Results Spreadsheet.xlsx,P&L Pro Forma,13,Variáveis,Variable,2024,3,3Q24,BRL_MILLIONS,-573.3
Azzas 2154,DRE Pro Forma,2Q26 Results Spreadsheet.xlsx,P&L Pro Forma,14,Eventuais,Eventuals,2024,3,3Q24,BRL_MILLIONS,-54.8
Azzas 2154,DRE Pro Forma,2Q26 Results Spreadsheet.xlsx,P&L Pro Forma,15,Arrendamentos (Impacto IFRS-16),Leases (IFRS-16 Impact),2024,3,3Q24,BRL_MILLIONS,66.2
Azzas 2154,DRE Pro Forma,2Q26 Results Spreadsheet.xlsx,P&L Pro Forma,16,Depreciação e Amortização,Depreciation and Amortization,2024,3,3Q24,BRL_MILLIONS,-146.7
Azzas 2154,DRE Pro Forma,2Q26 Results Spreadsheet.xlsx,P&L Pro Forma,17,Perda por Impairment,Impairment losses,2024,3,3Q24,BRL_MILLIONS,0.0
Azzas 2154,DRE Pro Forma,2Q26 Results Spreadsheet.xlsx,P&L Pro Forma,18,EBIT,EBIT,2024,3,3Q24,BRL_MILLIONS,374.2
Azzas 2154,DRE Pro Forma,2Q26 Results Spreadsheet.xlsx,P&L Pro Forma,19,Resultado Financeiro,Financial Results,2024,3,3Q24,BRL_MILLIONS,-159.4
Azzas 2154,DRE Pro Forma,2Q26 Results Spreadsheet.xlsx,P&L Pro Forma,20,EBT,EBT,2024,3,3Q24,BRL_MILLIONS,214.8
Azzas 2154,DRE Pro Forma,2Q26 Results Spreadsheet.xlsx,P&L Pro Forma,21,IRPJ e CSLL,Income Tax and Social Contribution,2024,3,3Q24,BRL_MILLIONS,-131.8
Azzas 2154,DRE Pro Forma,2Q26 Results Spreadsheet.xlsx,P&L Pro Forma,22,Lucro (Prejuízo),Profit (Loss),2024,3,3Q24,BRL_MILLIONS,83.0
Azzas 2154,DRE Pro Forma,2Q26 Results Spreadsheet.xlsx,P&L Pro Forma,23,Lucro Bruto,Gross Profit,2024,3,3Q24,BRL_MILLIONS,1651.4999999999998
Azzas 2154,DRE Pro Forma,2Q26 Results Spreadsheet.xlsx,P&L Pro Forma,24,Margem Bruta,Gross Margin,2024,3,3Q24,RATIO,0.544
Azzas 2154,DRE Pro Forma,2Q26 Results Spreadsheet.xlsx,P&L Pro Forma,25,EBITDA,EBITDA,2024,3,3Q24,BRL_MILLIONS,531.1999999999998
Azzas 2154,DRE Pro Forma,2Q26 Results Spreadsheet.xlsx,P&L Pro Forma,26,Margem EBITDA,EBITDA Margin,2024,3,3Q24,RATIO,0.175
Azzas 2154,DRE Pro Forma,2Q26 Results Spreadsheet.xlsx,P&L Pro Forma,27,EBITDA (pré IFRS-16),EBITDA (ex. IFRS-16),2024,3,3Q24,BRL_MILLIONS,463.6999999999999
Azzas 2154,DRE Pro Forma,2Q26 Results Spreadsheet.xlsx,P&L Pro Forma,28,Margem EBITDA (pré IFRS-16),EBITDA Margin (ex. IFRS-16),2024,3,3Q24,RATIO,0.153
Azzas 2154,DRE Pro Forma,2Q26 Results Spreadsheet.xlsx,P&L Pro Forma,29,Lucro Líquido,Net Income,2024,3,3Q24,BRL_MILLIONS,83.09999999999971
Azzas 2154,DRE Pro Forma,2Q26 Results Spreadsheet.xlsx,P&L Pro Forma,30,Margem Líquida,Net Margin,2024,3,3Q24,RATIO,0.027
Azzas 2154,DRE Pro Forma,2Q26 Results Spreadsheet.xlsx,P&L Pro Forma,1,Receita Bruta,Gross Revenue,2024,4,4Q24,BRL_MILLIONS,4221.7
Azzas 2154,DRE Pro Forma,2Q26 Results Spreadsheet.xlsx,P&L Pro Forma,2,Deduções,Deductions,2024,4,4Q24,BRL_MILLIONS,-817.8
Azzas 2154,DRE Pro Forma,2Q26 Results Spreadsheet.xlsx,P&L Pro Forma,3,Receita Líquida,Net Revenue,2024,4,4Q24,BRL_MILLIONS,3403.9
Azzas 2154,DRE Pro Forma,2Q26 Results Spreadsheet.xlsx,P&L Pro Forma,4,Custo da Mercadoria Vendida (CMV),Cost of Goods Sold (COGS),2024,4,4Q24,BRL_MILLIONS,-1575.4
Azzas 2154,DRE Pro Forma,2Q26 Results Spreadsheet.xlsx,P&L Pro Forma,5,CMV (ex. D&A),COGS (ex. D&A),2024,4,4Q24,BRL_MILLIONS,-1564.1
Azzas 2154,DRE Pro Forma,2Q26 Results Spreadsheet.xlsx,P&L Pro Forma,6,CMV (ex. D&A ex. IFRS-16),COGS (ex. D&A ex. IFRS-16),2024,4,4Q24,BRL_MILLIONS,-1565.4
Azzas 2154,DRE Pro Forma,2Q26 Results Spreadsheet.xlsx,P&L Pro Forma,7,Arrendamentos (Impacto IFRS-16),Leases (IFRS-16 Impact),2024,4,4Q24,BRL_MILLIONS,1.3
Azzas 2154,DRE Pro Forma,2Q26 Results Spreadsheet.xlsx,P&L Pro Forma,8,Depreciação e Amortização,Depreciation and Amortization,2024,4,4Q24,BRL_MILLIONS,-11.3
Azzas 2154,DRE Pro Forma,2Q26 Results Spreadsheet.xlsx,P&L Pro Forma,9,Lucro Bruto,Gross Profit,2024,4,4Q24,BRL_MILLIONS,1828.5
Azzas 2154,DRE Pro Forma,2Q26 Results Spreadsheet.xlsx,P&L Pro Forma,10,Despesa Total,Total Expenses,2024,4,4Q24,BRL_MILLIONS,-2041.9
Azzas 2154,DRE Pro Forma,2Q26 Results Spreadsheet.xlsx,P&L Pro Forma,11,Despesas,Expenses,2024,4,4Q24,BRL_MILLIONS,-1885.8
Azzas 2154,DRE Pro Forma,2Q26 Results Spreadsheet.xlsx,P&L Pro Forma,12,Fixas,Fixed,2024,4,4Q24,BRL_MILLIONS,-650.7
Azzas 2154,DRE Pro Forma,2Q26 Results Spreadsheet.xlsx,P&L Pro Forma,13,Variáveis,Variable,2024,4,4Q24,BRL_MILLIONS,-726.9
Azzas 2154,DRE Pro Forma,2Q26 Results Spreadsheet.xlsx,P&L Pro Forma,14,Eventuais,Eventuals,2024,4,4Q24,BRL_MILLIONS,-583.5
Azzas 2154,DRE Pro Forma,2Q26 Results Spreadsheet.xlsx,P&L Pro Forma,15,Arrendamentos (Impacto IFRS-16),Leases (IFRS-16 Impact),2024,4,4Q24,BRL_MILLIONS,75.3
Azzas 2154,DRE Pro Forma,2Q26 Results Spreadsheet.xlsx,P&L Pro Forma,16,Depreciação e Amortização,Depreciation and Amortization,2024,4,4Q24,BRL_MILLIONS,-156.1
Azzas 2154,DRE Pro Forma,2Q26 Results Spreadsheet.xlsx,P&L Pro Forma,17,Perda por Impairment,Impairment losses,2024,4,4Q24,BRL_MILLIONS,0.0
Azzas 2154,DRE Pro Forma,2Q26 Results Spreadsheet.xlsx,P&L Pro Forma,18,EBIT,EBIT,2024,4,4Q24,BRL_MILLIONS,-213.4
Azzas 2154,DRE Pro Forma,2Q26 Results Spreadsheet.xlsx,P&L Pro Forma,19,Resultado Financeiro,Financial Results,2024,4,4Q24,BRL_MILLIONS,-156.8
Azzas 2154,DRE Pro Forma,2Q26 Results Spreadsheet.xlsx,P&L Pro Forma,20,EBT,EBT,2024,4,4Q24,BRL_MILLIONS,-370.2
Azzas 2154,DRE Pro Forma,2Q26 Results Spreadsheet.xlsx,P&L Pro Forma,21,IRPJ e CSLL,Income Tax and Social Contribution,2024,4,4Q24,BRL_MILLIONS,302.3
Azzas 2154,DRE Pro Forma,2Q26 Results Spreadsheet.xlsx,P&L Pro Forma,22,Lucro (Prejuízo),Profit (Loss),2024,4,4Q24,BRL_MILLIONS,-67.9
Azzas 2154,DRE Pro Forma,2Q26 Results Spreadsheet.xlsx,P&L Pro Forma,23,Lucro Bruto,Gross Profit,2024,4,4Q24,BRL_MILLIONS,1828.4999999999995
Azzas 2154,DRE Pro Forma,2Q26 Results Spreadsheet.xlsx,P&L Pro Forma,24,Margem Bruta,Gross Margin,2024,4,4Q24,RATIO,0.537
Azzas 2154,DRE Pro Forma,2Q26 Results Spreadsheet.xlsx,P&L Pro Forma,25,EBITDA,EBITDA,2024,4,4Q24,BRL_MILLIONS,-46.000000000000554
Azzas 2154,DRE Pro Forma,2Q26 Results Spreadsheet.xlsx,P&L Pro Forma,26,Margem EBITDA,EBITDA Margin,2024,4,4Q24,RATIO,-0.014
Azzas 2154,DRE Pro Forma,2Q26 Results Spreadsheet.xlsx,P&L Pro Forma,27,EBITDA (pré IFRS-16),EBITDA (ex. IFRS-16),2024,4,4Q24,BRL_MILLIONS,-122.60000000000055
Azzas 2154,DRE Pro Forma,2Q26 Results Spreadsheet.xlsx,P&L Pro Forma,28,Margem EBITDA (pré IFRS-16),EBITDA Margin (ex. IFRS-16),2024,4,4Q24,RATIO,-0.036
Azzas 2154,DRE Pro Forma,2Q26 Results Spreadsheet.xlsx,P&L Pro Forma,29,Lucro Líquido,Net Income,2024,4,4Q24,BRL_MILLIONS,-67.90000000000055
Azzas 2154,DRE Pro Forma,2Q26 Results Spreadsheet.xlsx,P&L Pro Forma,30,Margem Líquida,Net Margin,2024,4,4Q24,RATIO,-0.02
Azzas 2154,DRE Pro Forma,2Q26 Results Spreadsheet.xlsx,P&L Pro Forma,1,Receita Bruta,Gross Revenue,2025,1,1Q25,BRL_MILLIONS,3311.8
Azzas 2154,DRE Pro Forma,2Q26 Results Spreadsheet.xlsx,P&L Pro Forma,2,Deduções,Deductions,2025,1,1Q25,BRL_MILLIONS,-615.3
Azzas 2154,DRE Pro Forma,2Q26 Results Spreadsheet.xlsx,P&L Pro Forma,3,Receita Líquida,Net Revenue,2025,1,1Q25,BRL_MILLIONS,2696.5
Azzas 2154,DRE Pro Forma,2Q26 Results Spreadsheet.xlsx,P&L Pro Forma,4,Custo da Mercadoria Vendida (CMV),Cost of Goods Sold (COGS),2025,1,1Q25,BRL_MILLIONS,-1219.7
Azzas 2154,DRE Pro Forma,2Q26 Results Spreadsheet.xlsx,P&L Pro Forma,5,CMV (ex. D&A),COGS (ex. D&A),2025,1,1Q25,BRL_MILLIONS,-1209.2
Azzas 2154,DRE Pro Forma,2Q26 Results Spreadsheet.xlsx,P&L Pro Forma,6,CMV (ex. D&A ex. IFRS-16),COGS (ex. D&A ex. IFRS-16),2025,1,1Q25,BRL_MILLIONS,-1210.5
Azzas 2154,DRE Pro Forma,2Q26 Results Spreadsheet.xlsx,P&L Pro Forma,7,Arrendamentos (Impacto IFRS-16),Leases (IFRS-16 Impact),2025,1,1Q25,BRL_MILLIONS,1.3
Azzas 2154,DRE Pro Forma,2Q26 Results Spreadsheet.xlsx,P&L Pro Forma,8,Depreciação e Amortização,Depreciation and Amortization,2025,1,1Q25,BRL_MILLIONS,-10.5
Azzas 2154,DRE Pro Forma,2Q26 Results Spreadsheet.xlsx,P&L Pro Forma,9,Lucro Bruto,Gross Profit,2025,1,1Q25,BRL_MILLIONS,1476.8
Azzas 2154,DRE Pro Forma,2Q26 Results Spreadsheet.xlsx,P&L Pro Forma,10,Despesa Total,Total Expenses,2025,1,1Q25,BRL_MILLIONS,-1200.7
Azzas 2154,DRE Pro Forma,2Q26 Results Spreadsheet.xlsx,P&L Pro Forma,11,Despesas,Expenses,2025,1,1Q25,BRL_MILLIONS,-1048.6
Azzas 2154,DRE Pro Forma,2Q26 Results Spreadsheet.xlsx,P&L Pro Forma,12,Fixas,Fixed,2025,1,1Q25,BRL_MILLIONS,-495.0
Azzas 2154,DRE Pro Forma,2Q26 Results Spreadsheet.xlsx,P&L Pro Forma,13,Variáveis,Variable,2025,1,1Q25,BRL_MILLIONS,-520.4
Azzas 2154,DRE Pro Forma,2Q26 Results Spreadsheet.xlsx,P&L Pro Forma,14,Eventuais,Eventuals,2025,1,1Q25,BRL_MILLIONS,-100.6
Azzas 2154,DRE Pro Forma,2Q26 Results Spreadsheet.xlsx,P&L Pro Forma,15,Arrendamentos (Impacto IFRS-16),Leases (IFRS-16 Impact),2025,1,1Q25,BRL_MILLIONS,67.4
Azzas 2154,DRE Pro Forma,2Q26 Results Spreadsheet.xlsx,P&L Pro Forma,16,Depreciação e Amortização,Depreciation and Amortization,2025,1,1Q25,BRL_MILLIONS,-152.1
Azzas 2154,DRE Pro Forma,2Q26 Results Spreadsheet.xlsx,P&L Pro Forma,17,Perda por Impairment,Impairment losses,2025,1,1Q25,BRL_MILLIONS,0.0
Azzas 2154,DRE Pro Forma,2Q26 Results Spreadsheet.xlsx,P&L Pro Forma,18,EBIT,EBIT,2025,1,1Q25,BRL_MILLIONS,276.1
Azzas 2154,DRE Pro Forma,2Q26 Results Spreadsheet.xlsx,P&L Pro Forma,19,Resultado Financeiro,Financial Results,2025,1,1Q25,BRL_MILLIONS,-157.7
Azzas 2154,DRE Pro Forma,2Q26 Results Spreadsheet.xlsx,P&L Pro Forma,20,EBT,EBT,2025,1,1Q25,BRL_MILLIONS,118.4
Azzas 2154,DRE Pro Forma,2Q26 Results Spreadsheet.xlsx,P&L Pro Forma,21,IRPJ e CSLL,Income Tax and Social Contribution,2025,1,1Q25,BRL_MILLIONS,-0.6
Azzas 2154,DRE Pro Forma,2Q26 Results Spreadsheet.xlsx,P&L Pro Forma,22,Lucro (Prejuízo),Profit (Loss),2025,1,1Q25,BRL_MILLIONS,117.8
Azzas 2154,DRE Pro Forma,2Q26 Results Spreadsheet.xlsx,P&L Pro Forma,23,Lucro Bruto,Gross Profit,2025,1,1Q25,BRL_MILLIONS,1476.8
Azzas 2154,DRE Pro Forma,2Q26 Results Spreadsheet.xlsx,P&L Pro Forma,24,Margem Bruta,Gross Margin,2025,1,1Q25,RATIO,0.548
Azzas 2154,DRE Pro Forma,2Q26 Results Spreadsheet.xlsx,P&L Pro Forma,25,EBITDA,EBITDA,2025,1,1Q25,BRL_MILLIONS,438.70000000000016
Azzas 2154,DRE Pro Forma,2Q26 Results Spreadsheet.xlsx,P&L Pro Forma,26,Margem EBITDA,EBITDA Margin,2025,1,1Q25,RATIO,0.163
Azzas 2154,DRE Pro Forma,2Q26 Results Spreadsheet.xlsx,P&L Pro Forma,27,EBITDA (pré IFRS-16),EBITDA (ex. IFRS-16),2025,1,1Q25,BRL_MILLIONS,370.0000000000001
Azzas 2154,DRE Pro Forma,2Q26 Results Spreadsheet.xlsx,P&L Pro Forma,28,Margem EBITDA (pré IFRS-16),EBITDA Margin (ex. IFRS-16),2025,1,1Q25,RATIO,0.137
Azzas 2154,DRE Pro Forma,2Q26 Results Spreadsheet.xlsx,P&L Pro Forma,29,Lucro Líquido,Net Income,2025,1,1Q25,BRL_MILLIONS,117.80000000000015
Azzas 2154,DRE Pro Forma,2Q26 Results Spreadsheet.xlsx,P&L Pro Forma,30,Margem Líquida,Net Margin,2025,1,1Q25,RATIO,0.044
Azzas 2154,DRE Pro Forma,2Q26 Results Spreadsheet.xlsx,P&L Pro Forma,1,Receita Bruta,Gross Revenue,2025,2,2Q25,BRL_MILLIONS,3620.0
Azzas 2154,DRE Pro Forma,2Q26 Results Spreadsheet.xlsx,P&L Pro Forma,2,Deduções,Deductions,2025,2,2Q25,BRL_MILLIONS,-718.6
Azzas 2154,DRE Pro Forma,2Q26 Results Spreadsheet.xlsx,P&L Pro Forma,3,Receita Líquida,Net Revenue,2025,2,2Q25,BRL_MILLIONS,2901.4
Azzas 2154,DRE Pro Forma,2Q26 Results Spreadsheet.xlsx,P&L Pro Forma,4,Custo da Mercadoria Vendida (CMV),Cost of Goods Sold (COGS),2025,2,2Q25,BRL_MILLIONS,-1280.9
Azzas 2154,DRE Pro Forma,2Q26 Results Spreadsheet.xlsx,P&L Pro Forma,5,CMV (ex. D&A),COGS (ex. D&A),2025,2,2Q25,BRL_MILLIONS,-1271.2
Azzas 2154,DRE Pro Forma,2Q26 Results Spreadsheet.xlsx,P&L Pro Forma,6,CMV (ex. D&A ex. IFRS-16),COGS (ex. D&A ex. IFRS-16),2025,2,2Q25,BRL_MILLIONS,-1272.5
Azzas 2154,DRE Pro Forma,2Q26 Results Spreadsheet.xlsx,P&L Pro Forma,7,Arrendamentos (Impacto IFRS-16),Leases (IFRS-16 Impact),2025,2,2Q25,BRL_MILLIONS,1.3
Azzas 2154,DRE Pro Forma,2Q26 Results Spreadsheet.xlsx,P&L Pro Forma,8,Depreciação e Amortização,Depreciation and Amortization,2025,2,2Q25,BRL_MILLIONS,-9.7
Azzas 2154,DRE Pro Forma,2Q26 Results Spreadsheet.xlsx,P&L Pro Forma,9,Lucro Bruto,Gross Profit,2025,2,2Q25,BRL_MILLIONS,1620.5
Azzas 2154,DRE Pro Forma,2Q26 Results Spreadsheet.xlsx,P&L Pro Forma,10,Despesa Total,Total Expenses,2025,2,2Q25,BRL_MILLIONS,-1258.6
Azzas 2154,DRE Pro Forma,2Q26 Results Spreadsheet.xlsx,P&L Pro Forma,11,Despesas,Expenses,2025,2,2Q25,BRL_MILLIONS,-1104.8
Azzas 2154,DRE Pro Forma,2Q26 Results Spreadsheet.xlsx,P&L Pro Forma,12,Fixas,Fixed,2025,2,2Q25,BRL_MILLIONS,-495.3
Azzas 2154,DRE Pro Forma,2Q26 Results Spreadsheet.xlsx,P&L Pro Forma,13,Variáveis,Variable,2025,2,2Q25,BRL_MILLIONS,-551.2
Azzas 2154,DRE Pro Forma,2Q26 Results Spreadsheet.xlsx,P&L Pro Forma,14,Eventuais,Eventuals,2025,2,2Q25,BRL_MILLIONS,-131.2
Azzas 2154,DRE Pro Forma,2Q26 Results Spreadsheet.xlsx,P&L Pro Forma,15,Arrendamentos (Impacto IFRS-16),Leases (IFRS-16 Impact),2025,2,2Q25,BRL_MILLIONS,72.9
Azzas 2154,DRE Pro Forma,2Q26 Results Spreadsheet.xlsx,P&L Pro Forma,16,Depreciação e Amortização,Depreciation and Amortization,2025,2,2Q25,BRL_MILLIONS,-153.8
Azzas 2154,DRE Pro Forma,2Q26 Results Spreadsheet.xlsx,P&L Pro Forma,17,Perda por Impairment,Impairment losses,2025,2,2Q25,BRL_MILLIONS,0.0
Azzas 2154,DRE Pro Forma,2Q26 Results Spreadsheet.xlsx,P&L Pro Forma,18,EBIT,EBIT,2025,2,2Q25,BRL_MILLIONS,361.9
Azzas 2154,DRE Pro Forma,2Q26 Results Spreadsheet.xlsx,P&L Pro Forma,19,Resultado Financeiro,Financial Results,2025,2,2Q25,BRL_MILLIONS,-201.7
Azzas 2154,DRE Pro Forma,2Q26 Results Spreadsheet.xlsx,P&L Pro Forma,20,EBT,EBT,2025,2,2Q25,BRL_MILLIONS,160.2
Azzas 2154,DRE Pro Forma,2Q26 Results Spreadsheet.xlsx,P&L Pro Forma,21,IRPJ e CSLL,Income Tax and Social Contribution,2025,2,2Q25,BRL_MILLIONS,377.5
Azzas 2154,DRE Pro Forma,2Q26 Results Spreadsheet.xlsx,P&L Pro Forma,22,Lucro (Prejuízo),Profit (Loss),2025,2,2Q25,BRL_MILLIONS,537.7
Azzas 2154,DRE Pro Forma,2Q26 Results Spreadsheet.xlsx,P&L Pro Forma,23,Lucro Bruto,Gross Profit,2025,2,2Q25,BRL_MILLIONS,1620.5111209155252
Azzas 2154,DRE Pro Forma,2Q26 Results Spreadsheet.xlsx,P&L Pro Forma,24,Margem Bruta,Gross Margin,2025,2,2Q25,RATIO,0.559
Azzas 2154,DRE Pro Forma,2Q26 Results Spreadsheet.xlsx,P&L Pro Forma,25,EBITDA,EBITDA,2025,2,2Q25,BRL_MILLIONS,525.4111209155253
Azzas 2154,DRE Pro Forma,2Q26 Results Spreadsheet.xlsx,P&L Pro Forma,26,Margem EBITDA,EBITDA Margin,2025,2,2Q25,RATIO,0.181
Azzas 2154,DRE Pro Forma,2Q26 Results Spreadsheet.xlsx,P&L Pro Forma,27,EBITDA (pré IFRS-16),EBITDA (ex. IFRS-16),2025,2,2Q25,BRL_MILLIONS,451.2111209155254
Azzas 2154,DRE Pro Forma,2Q26 Results Spreadsheet.xlsx,P&L Pro Forma,28,Margem EBITDA (pré IFRS-16),EBITDA Margin (ex. IFRS-16),2025,2,2Q25,RATIO,0.156
Azzas 2154,DRE Pro Forma,2Q26 Results Spreadsheet.xlsx,P&L Pro Forma,29,Lucro Líquido,Net Income,2025,2,2Q25,BRL_MILLIONS,537.7111209155253
Azzas 2154,DRE Pro Forma,2Q26 Results Spreadsheet.xlsx,P&L Pro Forma,30,Margem Líquida,Net Margin,2025,2,2Q25,RATIO,0.185
Azzas 2154,DRE Pro Forma,2Q26 Results Spreadsheet.xlsx,P&L Pro Forma,1,Receita Bruta,Gross Revenue,2025,3,3Q25,BRL_MILLIONS,3718.3
Azzas 2154,DRE Pro Forma,2Q26 Results Spreadsheet.xlsx,P&L Pro Forma,2,Deduções,Deductions,2025,3,3Q25,BRL_MILLIONS,-760.1
Azzas 2154,DRE Pro Forma,2Q26 Results Spreadsheet.xlsx,P&L Pro Forma,3,Receita Líquida,Net Revenue,2025,3,3Q25,BRL_MILLIONS,2958.2
Azzas 2154,DRE Pro Forma,2Q26 Results Spreadsheet.xlsx,P&L Pro Forma,4,Custo da Mercadoria Vendida (CMV),Cost of Goods Sold (COGS),2025,3,3Q25,BRL_MILLIONS,-1356.8
Azzas 2154,DRE Pro Forma,2Q26 Results Spreadsheet.xlsx,P&L Pro Forma,5,CMV (ex. D&A),COGS (ex. D&A),2025,3,3Q25,BRL_MILLIONS,-1346.4
Azzas 2154,DRE Pro Forma,2Q26 Results Spreadsheet.xlsx,P&L Pro Forma,6,CMV (ex. D&A ex. IFRS-16),COGS (ex. D&A ex. IFRS-16),2025,3,3Q25,BRL_MILLIONS,-1347.7
Azzas 2154,DRE Pro Forma,2Q26 Results Spreadsheet.xlsx,P&L Pro Forma,7,Arrendamentos (Impacto IFRS-16),Leases (IFRS-16 Impact),2025,3,3Q25,BRL_MILLIONS,1.3
Azzas 2154,DRE Pro Forma,2Q26 Results Spreadsheet.xlsx,P&L Pro Forma,8,Depreciação e Amortização,Depreciation and Amortization,2025,3,3Q25,BRL_MILLIONS,-10.4
Azzas 2154,DRE Pro Forma,2Q26 Results Spreadsheet.xlsx,P&L Pro Forma,9,Lucro Bruto,Gross Profit,2025,3,3Q25,BRL_MILLIONS,1601.4
Azzas 2154,DRE Pro Forma,2Q26 Results Spreadsheet.xlsx,P&L Pro Forma,10,Despesa Total,Total Expenses,2025,3,3Q25,BRL_MILLIONS,-1336.6
Azzas 2154,DRE Pro Forma,2Q26 Results Spreadsheet.xlsx,P&L Pro Forma,11,Despesas,Expenses,2025,3,3Q25,BRL_MILLIONS,-1155.3
Azzas 2154,DRE Pro Forma,2Q26 Results Spreadsheet.xlsx,P&L Pro Forma,12,Fixas,Fixed,2025,3,3Q25,BRL_MILLIONS,-462.4
Azzas 2154,DRE Pro Forma,2Q26 Results Spreadsheet.xlsx,P&L Pro Forma,13,Variáveis,Variable,2025,3,3Q25,BRL_MILLIONS,-573.0
Azzas 2154,DRE Pro Forma,2Q26 Results Spreadsheet.xlsx,P&L Pro Forma,14,Eventuais,Eventuals,2025,3,3Q25,BRL_MILLIONS,-189.3
Azzas 2154,DRE Pro Forma,2Q26 Results Spreadsheet.xlsx,P&L Pro Forma,15,Arrendamentos (Impacto IFRS-16),Leases (IFRS-16 Impact),2025,3,3Q25,BRL_MILLIONS,69.4
Azzas 2154,DRE Pro Forma,2Q26 Results Spreadsheet.xlsx,P&L Pro Forma,16,Depreciação e Amortização,Depreciation and Amortization,2025,3,3Q25,BRL_MILLIONS,-181.3
Azzas 2154,DRE Pro Forma,2Q26 Results Spreadsheet.xlsx,P&L Pro Forma,17,Perda por Impairment,Impairment losses,2025,3,3Q25,BRL_MILLIONS,0.0
Azzas 2154,DRE Pro Forma,2Q26 Results Spreadsheet.xlsx,P&L Pro Forma,18,EBIT,EBIT,2025,3,3Q25,BRL_MILLIONS,264.8
Azzas 2154,DRE Pro Forma,2Q26 Results Spreadsheet.xlsx,P&L Pro Forma,19,Resultado Financeiro,Financial Results,2025,3,3Q25,BRL_MILLIONS,-208.7
Azzas 2154,DRE Pro Forma,2Q26 Results Spreadsheet.xlsx,P&L Pro Forma,20,EBT,EBT,2025,3,3Q25,BRL_MILLIONS,56.1
Azzas 2154,DRE Pro Forma,2Q26 Results Spreadsheet.xlsx,P&L Pro Forma,21,IRPJ e CSLL,Income Tax and Social Contribution,2025,3,3Q25,BRL_MILLIONS,108.8
Azzas 2154,DRE Pro Forma,2Q26 Results Spreadsheet.xlsx,P&L Pro Forma,22,Lucro (Prejuízo),Profit (Loss),2025,3,3Q25,BRL_MILLIONS,164.9
Azzas 2154,DRE Pro Forma,2Q26 Results Spreadsheet.xlsx,P&L Pro Forma,23,Lucro Bruto,Gross Profit,2025,3,3Q25,BRL_MILLIONS,1601.3999999999996
Azzas 2154,DRE Pro Forma,2Q26 Results Spreadsheet.xlsx,P&L Pro Forma,24,Margem Bruta,Gross Margin,2025,3,3Q25,RATIO,0.541
Azzas 2154,DRE Pro Forma,2Q26 Results Spreadsheet.xlsx,P&L Pro Forma,25,EBITDA,EBITDA,2025,3,3Q25,BRL_MILLIONS,456.49999999999994
Azzas 2154,DRE Pro Forma,2Q26 Results Spreadsheet.xlsx,P&L Pro Forma,26,Margem EBITDA,EBITDA Margin,2025,3,3Q25,RATIO,0.154
Azzas 2154,DRE Pro Forma,2Q26 Results Spreadsheet.xlsx,P&L Pro Forma,27,EBITDA (pré IFRS-16),EBITDA (ex. IFRS-16),2025,3,3Q25,BRL_MILLIONS,385.79999999999995
Azzas 2154,DRE Pro Forma,2Q26 Results Spreadsheet.xlsx,P&L Pro Forma,28,Margem EBITDA (pré IFRS-16),EBITDA Margin (ex. IFRS-16),2025,3,3Q25,RATIO,0.13
Azzas 2154,DRE Pro Forma,2Q26 Results Spreadsheet.xlsx,P&L Pro Forma,29,Lucro Líquido,Net Income,2025,3,3Q25,BRL_MILLIONS,164.89999999999998
Azzas 2154,DRE Pro Forma,2Q26 Results Spreadsheet.xlsx,P&L Pro Forma,30,Margem Líquida,Net Margin,2025,3,3Q25,RATIO,0.056
Azzas 2154,DRE Pro Forma,2Q26 Results Spreadsheet.xlsx,P&L Pro Forma,1,Receita Bruta,Gross Revenue,2025,4,4Q25,BRL_MILLIONS,4126.2
Azzas 2154,DRE Pro Forma,2Q26 Results Spreadsheet.xlsx,P&L Pro Forma,2,Deduções,Deductions,2025,4,4Q25,BRL_MILLIONS,-862.8
Azzas 2154,DRE Pro Forma,2Q26 Results Spreadsheet.xlsx,P&L Pro Forma,3,Receita Líquida,Net Revenue,2025,4,4Q25,BRL_MILLIONS,3263.4
Azzas 2154,DRE Pro Forma,2Q26 Results Spreadsheet.xlsx,P&L Pro Forma,4,Custo da Mercadoria Vendida (CMV),Cost of Goods Sold (COGS),2025,4,4Q25,BRL_MILLIONS,-1466.8
Azzas 2154,DRE Pro Forma,2Q26 Results Spreadsheet.xlsx,P&L Pro Forma,5,CMV (ex. D&A),COGS (ex. D&A),2025,4,4Q25,BRL_MILLIONS,-1456.7
Azzas 2154,DRE Pro Forma,2Q26 Results Spreadsheet.xlsx,P&L Pro Forma,6,CMV (ex. D&A ex. IFRS-16),COGS (ex. D&A ex. IFRS-16),2025,4,4Q25,BRL_MILLIONS,-1458.0
Azzas 2154,DRE Pro Forma,2Q26 Results Spreadsheet.xlsx,P&L Pro Forma,7,Arrendamentos (Impacto IFRS-16),Leases (IFRS-16 Impact),2025,4,4Q25,BRL_MILLIONS,1.3
Azzas 2154,DRE Pro Forma,2Q26 Results Spreadsheet.xlsx,P&L Pro Forma,8,Depreciação e Amortização,Depreciation and Amortization,2025,4,4Q25,BRL_MILLIONS,-10.1
Azzas 2154,DRE Pro Forma,2Q26 Results Spreadsheet.xlsx,P&L Pro Forma,9,Lucro Bruto,Gross Profit,2025,4,4Q25,BRL_MILLIONS,1796.6
Azzas 2154,DRE Pro Forma,2Q26 Results Spreadsheet.xlsx,P&L Pro Forma,10,Despesa Total,Total Expenses,2025,4,4Q25,BRL_MILLIONS,-1561.2
Azzas 2154,DRE Pro Forma,2Q26 Results Spreadsheet.xlsx,P&L Pro Forma,11,Despesas,Expenses,2025,4,4Q25,BRL_MILLIONS,-1406.7
Azzas 2154,DRE Pro Forma,2Q26 Results Spreadsheet.xlsx,P&L Pro Forma,12,Fixas,Fixed,2025,4,4Q25,BRL_MILLIONS,-580.6
Azzas 2154,DRE Pro Forma,2Q26 Results Spreadsheet.xlsx,P&L Pro Forma,13,Variáveis,Variable,2025,4,4Q25,BRL_MILLIONS,-679.3
Azzas 2154,DRE Pro Forma,2Q26 Results Spreadsheet.xlsx,P&L Pro Forma,14,Eventuais,Eventuals,2025,4,4Q25,BRL_MILLIONS,-221.4
Azzas 2154,DRE Pro Forma,2Q26 Results Spreadsheet.xlsx,P&L Pro Forma,15,Arrendamentos (Impacto IFRS-16),Leases (IFRS-16 Impact),2025,4,4Q25,BRL_MILLIONS,74.6
Azzas 2154,DRE Pro Forma,2Q26 Results Spreadsheet.xlsx,P&L Pro Forma,16,Depreciação e Amortização,Depreciation and Amortization,2025,4,4Q25,BRL_MILLIONS,-154.5
Azzas 2154,DRE Pro Forma,2Q26 Results Spreadsheet.xlsx,P&L Pro Forma,17,Perda por Impairment,Impairment losses,2025,4,4Q25,BRL_MILLIONS,0.0
Azzas 2154,DRE Pro Forma,2Q26 Results Spreadsheet.xlsx,P&L Pro Forma,18,EBIT,EBIT,2025,4,4Q25,BRL_MILLIONS,235.4
Azzas 2154,DRE Pro Forma,2Q26 Results Spreadsheet.xlsx,P&L Pro Forma,19,Resultado Financeiro,Financial Results,2025,4,4Q25,BRL_MILLIONS,-213.8
Azzas 2154,DRE Pro Forma,2Q26 Results Spreadsheet.xlsx,P&L Pro Forma,20,EBT,EBT,2025,4,4Q25,BRL_MILLIONS,21.6
Azzas 2154,DRE Pro Forma,2Q26 Results Spreadsheet.xlsx,P&L Pro Forma,21,IRPJ e CSLL,Income Tax and Social Contribution,2025,4,4Q25,BRL_MILLIONS,69.2
Azzas 2154,DRE Pro Forma,2Q26 Results Spreadsheet.xlsx,P&L Pro Forma,22,Lucro (Prejuízo),Profit (Loss),2025,4,4Q25,BRL_MILLIONS,90.8
Azzas 2154,DRE Pro Forma,2Q26 Results Spreadsheet.xlsx,P&L Pro Forma,23,Lucro Bruto,Gross Profit,2025,4,4Q25,BRL_MILLIONS,1796.6
Azzas 2154,DRE Pro Forma,2Q26 Results Spreadsheet.xlsx,P&L Pro Forma,24,Margem Bruta,Gross Margin,2025,4,4Q25,RATIO,0.551
Azzas 2154,DRE Pro Forma,2Q26 Results Spreadsheet.xlsx,P&L Pro Forma,25,EBITDA,EBITDA,2025,4,4Q25,BRL_MILLIONS,399.9999999999999
Azzas 2154,DRE Pro Forma,2Q26 Results Spreadsheet.xlsx,P&L Pro Forma,26,Margem EBITDA,EBITDA Margin,2025,4,4Q25,RATIO,0.123
Azzas 2154,DRE Pro Forma,2Q26 Results Spreadsheet.xlsx,P&L Pro Forma,27,EBITDA (pré IFRS-16),EBITDA (ex. IFRS-16),2025,4,4Q25,BRL_MILLIONS,324.0999999999999
Azzas 2154,DRE Pro Forma,2Q26 Results Spreadsheet.xlsx,P&L Pro Forma,28,Margem EBITDA (pré IFRS-16),EBITDA Margin (ex. IFRS-16),2025,4,4Q25,RATIO,0.099
Azzas 2154,DRE Pro Forma,2Q26 Results Spreadsheet.xlsx,P&L Pro Forma,29,Lucro Líquido,Net Income,2025,4,4Q25,BRL_MILLIONS,90.79999999999986
Azzas 2154,DRE Pro Forma,2Q26 Results Spreadsheet.xlsx,P&L Pro Forma,30,Margem Líquida,Net Margin,2025,4,4Q25,RATIO,0.028
Azzas 2154,DRE Pro Forma,2Q26 Results Spreadsheet.xlsx,P&L Pro Forma,1,Receita Bruta,Gross Revenue,2026,1,1Q26,BRL_MILLIONS,3118.8
Azzas 2154,DRE Pro Forma,2Q26 Results Spreadsheet.xlsx,P&L Pro Forma,2,Deduções,Deductions,2026,1,1Q26,BRL_MILLIONS,-639.3
Azzas 2154,DRE Pro Forma,2Q26 Results Spreadsheet.xlsx,P&L Pro Forma,3,Receita Líquida,Net Revenue,2026,1,1Q26,BRL_MILLIONS,2479.5
Azzas 2154,DRE Pro Forma,2Q26 Results Spreadsheet.xlsx,P&L Pro Forma,4,Custo da Mercadoria Vendida (CMV),Cost of Goods Sold (COGS),2026,1,1Q26,BRL_MILLIONS,-1129.2
Azzas 2154,DRE Pro Forma,2Q26 Results Spreadsheet.xlsx,P&L Pro Forma,5,CMV (ex. D&A),COGS (ex. D&A),2026,1,1Q26,BRL_MILLIONS,-1121.5
Azzas 2154,DRE Pro Forma,2Q26 Results Spreadsheet.xlsx,P&L Pro Forma,6,CMV (ex. D&A ex. IFRS-16),COGS (ex. D&A ex. IFRS-16),2026,1,1Q26,BRL_MILLIONS,-1122.8
Azzas 2154,DRE Pro Forma,2Q26 Results Spreadsheet.xlsx,P&L Pro Forma,7,Arrendamentos (Impacto IFRS-16),Leases (IFRS-16 Impact),2026,1,1Q26,BRL_MILLIONS,1.3
Azzas 2154,DRE Pro Forma,2Q26 Results Spreadsheet.xlsx,P&L Pro Forma,8,Depreciação e Amortização,Depreciation and Amortization,2026,1,1Q26,BRL_MILLIONS,-7.7
Azzas 2154,DRE Pro Forma,2Q26 Results Spreadsheet.xlsx,P&L Pro Forma,9,Lucro Bruto,Gross Profit,2026,1,1Q26,BRL_MILLIONS,1350.3
Azzas 2154,DRE Pro Forma,2Q26 Results Spreadsheet.xlsx,P&L Pro Forma,10,Despesa Total,Total Expenses,2026,1,1Q26,BRL_MILLIONS,-1207.8
Azzas 2154,DRE Pro Forma,2Q26 Results Spreadsheet.xlsx,P&L Pro Forma,11,Despesas,Expenses,2026,1,1Q26,BRL_MILLIONS,-1052.1
Azzas 2154,DRE Pro Forma,2Q26 Results Spreadsheet.xlsx,P&L Pro Forma,12,Fixas,Fixed,2026,1,1Q26,BRL_MILLIONS,-495.7
Azzas 2154,DRE Pro Forma,2Q26 Results Spreadsheet.xlsx,P&L Pro Forma,13,Variáveis,Variable,2026,1,1Q26,BRL_MILLIONS,-495.4
Azzas 2154,DRE Pro Forma,2Q26 Results Spreadsheet.xlsx,P&L Pro Forma,14,Eventuais,Eventuals,2026,1,1Q26,BRL_MILLIONS,-129.6
Azzas 2154,DRE Pro Forma,2Q26 Results Spreadsheet.xlsx,P&L Pro Forma,15,Arrendamentos (Impacto IFRS-16),Leases (IFRS-16 Impact),2026,1,1Q26,BRL_MILLIONS,68.6
Azzas 2154,DRE Pro Forma,2Q26 Results Spreadsheet.xlsx,P&L Pro Forma,16,Depreciação e Amortização,Depreciation and Amortization,2026,1,1Q26,BRL_MILLIONS,-155.7
Azzas 2154,DRE Pro Forma,2Q26 Results Spreadsheet.xlsx,P&L Pro Forma,17,Perda por Impairment,Impairment losses,2026,1,1Q26,BRL_MILLIONS,0.0
Azzas 2154,DRE Pro Forma,2Q26 Results Spreadsheet.xlsx,P&L Pro Forma,18,EBIT,EBIT,2026,1,1Q26,BRL_MILLIONS,142.5
Azzas 2154,DRE Pro Forma,2Q26 Results Spreadsheet.xlsx,P&L Pro Forma,19,Resultado Financeiro,Financial Results,2026,1,1Q26,BRL_MILLIONS,-184.6
Azzas 2154,DRE Pro Forma,2Q26 Results Spreadsheet.xlsx,P&L Pro Forma,20,EBT,EBT,2026,1,1Q26,BRL_MILLIONS,-42.1
Azzas 2154,DRE Pro Forma,2Q26 Results Spreadsheet.xlsx,P&L Pro Forma,21,IRPJ e CSLL,Income Tax and Social Contribution,2026,1,1Q26,BRL_MILLIONS,80.7
Azzas 2154,DRE Pro Forma,2Q26 Results Spreadsheet.xlsx,P&L Pro Forma,22,Lucro (Prejuízo),Profit (Loss),2026,1,1Q26,BRL_MILLIONS,38.6
Azzas 2154,DRE Pro Forma,2Q26 Results Spreadsheet.xlsx,P&L Pro Forma,23,Lucro Bruto,Gross Profit,2026,1,1Q26,BRL_MILLIONS,1350.3
Azzas 2154,DRE Pro Forma,2Q26 Results Spreadsheet.xlsx,P&L Pro Forma,24,Margem Bruta,Gross Margin,2026,1,1Q26,RATIO,0.545
Azzas 2154,DRE Pro Forma,2Q26 Results Spreadsheet.xlsx,P&L Pro Forma,25,EBITDA,EBITDA,2026,1,1Q26,BRL_MILLIONS,305.9
Azzas 2154,DRE Pro Forma,2Q26 Results Spreadsheet.xlsx,P&L Pro Forma,26,Margem EBITDA,EBITDA Margin,2026,1,1Q26,RATIO,0.123
Azzas 2154,DRE Pro Forma,2Q26 Results Spreadsheet.xlsx,P&L Pro Forma,27,EBITDA (pré IFRS-16),EBITDA (ex. IFRS-16),2026,1,1Q26,BRL_MILLIONS,235.99999999999997
Azzas 2154,DRE Pro Forma,2Q26 Results Spreadsheet.xlsx,P&L Pro Forma,28,Margem EBITDA (pré IFRS-16),EBITDA Margin (ex. IFRS-16),2026,1,1Q26,RATIO,0.095
Azzas 2154,DRE Pro Forma,2Q26 Results Spreadsheet.xlsx,P&L Pro Forma,29,Lucro Líquido,Net Income,2026,1,1Q26,BRL_MILLIONS,38.60000000000001
Azzas 2154,DRE Pro Forma,2Q26 Results Spreadsheet.xlsx,P&L Pro Forma,30,Margem Líquida,Net Margin,2026,1,1Q26,RATIO,0.016
Azzas 2154,DRE Pro Forma,2Q26 Results Spreadsheet.xlsx,P&L Pro Forma,1,Receita Bruta,Gross Revenue,2026,2,2Q26,BRL_MILLIONS,3351.3
Azzas 2154,DRE Pro Forma,2Q26 Results Spreadsheet.xlsx,P&L Pro Forma,2,Deduções,Deductions,2026,2,2Q26,BRL_MILLIONS,-687.2
Azzas 2154,DRE Pro Forma,2Q26 Results Spreadsheet.xlsx,P&L Pro Forma,3,Receita Líquida,Net Revenue,2026,2,2Q26,BRL_MILLIONS,2664.1
Azzas 2154,DRE Pro Forma,2Q26 Results Spreadsheet.xlsx,P&L Pro Forma,4,Custo da Mercadoria Vendida (CMV),Cost of Goods Sold (COGS),2026,2,2Q26,BRL_MILLIONS,-1206.7
Azzas 2154,DRE Pro Forma,2Q26 Results Spreadsheet.xlsx,P&L Pro Forma,5,CMV (ex. D&A),COGS (ex. D&A),2026,2,2Q26,BRL_MILLIONS,-1198.9
Azzas 2154,DRE Pro Forma,2Q26 Results Spreadsheet.xlsx,P&L Pro Forma,6,CMV (ex. D&A ex. IFRS-16),COGS (ex. D&A ex. IFRS-16),2026,2,2Q26,BRL_MILLIONS,-1200.2
Azzas 2154,DRE Pro Forma,2Q26 Results Spreadsheet.xlsx,P&L Pro Forma,7,Arrendamentos (Impacto IFRS-16),Leases (IFRS-16 Impact),2026,2,2Q26,BRL_MILLIONS,1.3
Azzas 2154,DRE Pro Forma,2Q26 Results Spreadsheet.xlsx,P&L Pro Forma,8,Depreciação e Amortização,Depreciation and Amortization,2026,2,2Q26,BRL_MILLIONS,-7.8
Azzas 2154,DRE Pro Forma,2Q26 Results Spreadsheet.xlsx,P&L Pro Forma,9,Lucro Bruto,Gross Profit,2026,2,2Q26,BRL_MILLIONS,1457.4
Azzas 2154,DRE Pro Forma,2Q26 Results Spreadsheet.xlsx,P&L Pro Forma,10,Despesa Total,Total Expenses,2026,2,2Q26,BRL_MILLIONS,-1340.3
Azzas 2154,DRE Pro Forma,2Q26 Results Spreadsheet.xlsx,P&L Pro Forma,11,Despesas,Expenses,2026,2,2Q26,BRL_MILLIONS,-1186.0
Azzas 2154,DRE Pro Forma,2Q26 Results Spreadsheet.xlsx,P&L Pro Forma,12,Fixas,Fixed,2026,2,2Q26,BRL_MILLIONS,-533.0
Azzas 2154,DRE Pro Forma,2Q26 Results Spreadsheet.xlsx,P&L Pro Forma,13,Variáveis,Variable,2026,2,2Q26,BRL_MILLIONS,-582.1
Azzas 2154,DRE Pro Forma,2Q26 Results Spreadsheet.xlsx,P&L Pro Forma,14,Eventuais,Eventuals,2026,2,2Q26,BRL_MILLIONS,-138.1
Azzas 2154,DRE Pro Forma,2Q26 Results Spreadsheet.xlsx,P&L Pro Forma,15,Arrendamentos (Impacto IFRS-16),Leases (IFRS-16 Impact),2026,2,2Q26,BRL_MILLIONS,67.2
Azzas 2154,DRE Pro Forma,2Q26 Results Spreadsheet.xlsx,P&L Pro Forma,16,Depreciação e Amortização,Depreciation and Amortization,2026,2,2Q26,BRL_MILLIONS,-154.3
Azzas 2154,DRE Pro Forma,2Q26 Results Spreadsheet.xlsx,P&L Pro Forma,17,Perda por Impairment,Impairment losses,2026,2,2Q26,BRL_MILLIONS,0.0
Azzas 2154,DRE Pro Forma,2Q26 Results Spreadsheet.xlsx,P&L Pro Forma,18,EBIT,EBIT,2026,2,2Q26,BRL_MILLIONS,117.1
Azzas 2154,DRE Pro Forma,2Q26 Results Spreadsheet.xlsx,P&L Pro Forma,19,Resultado Financeiro,Financial Results,2026,2,2Q26,BRL_MILLIONS,-187.6
Azzas 2154,DRE Pro Forma,2Q26 Results Spreadsheet.xlsx,P&L Pro Forma,20,EBT,EBT,2026,2,2Q26,BRL_MILLIONS,-70.5
Azzas 2154,DRE Pro Forma,2Q26 Results Spreadsheet.xlsx,P&L Pro Forma,21,IRPJ e CSLL,Income Tax and Social Contribution,2026,2,2Q26,BRL_MILLIONS,100.3
Azzas 2154,DRE Pro Forma,2Q26 Results Spreadsheet.xlsx,P&L Pro Forma,22,Lucro (Prejuízo),Profit (Loss),2026,2,2Q26,BRL_MILLIONS,29.8
Azzas 2154,DRE Pro Forma,2Q26 Results Spreadsheet.xlsx,P&L Pro Forma,23,Lucro Bruto,Gross Profit,2026,2,2Q26,BRL_MILLIONS,1457.3999999999999
Azzas 2154,DRE Pro Forma,2Q26 Results Spreadsheet.xlsx,P&L Pro Forma,24,Margem Bruta,Gross Margin,2026,2,2Q26,RATIO,0.547
Azzas 2154,DRE Pro Forma,2Q26 Results Spreadsheet.xlsx,P&L Pro Forma,25,EBITDA,EBITDA,2026,2,2Q26,BRL_MILLIONS,279.20000000000016
Azzas 2154,DRE Pro Forma,2Q26 Results Spreadsheet.xlsx,P&L Pro Forma,26,Margem EBITDA,EBITDA Margin,2026,2,2Q26,RATIO,0.105
Azzas 2154,DRE Pro Forma,2Q26 Results Spreadsheet.xlsx,P&L Pro Forma,27,EBITDA (pré IFRS-16),EBITDA (ex. IFRS-16),2026,2,2Q26,BRL_MILLIONS,210.70000000000016
Azzas 2154,DRE Pro Forma,2Q26 Results Spreadsheet.xlsx,P&L Pro Forma,28,Margem EBITDA (pré IFRS-16),EBITDA Margin (ex. IFRS-16),2026,2,2Q26,RATIO,0.079
Azzas 2154,DRE Pro Forma,2Q26 Results Spreadsheet.xlsx,P&L Pro Forma,29,Lucro Líquido,Net Income,2026,2,2Q26,BRL_MILLIONS,29.80000000000014
Azzas 2154,DRE Pro Forma,2Q26 Results Spreadsheet.xlsx,P&L Pro Forma,30,Margem Líquida,Net Margin,2026,2,2Q26,RATIO,0.011
