tipo_demonstracao,ordem_linha,conta_pt,conta_en,unidade,codigo_core,nome_padronizado,ordem_exibicao,incluir_core,observacao
DRE Pro Forma,1,Receita Bruta,Gross Revenue,BRL_MILLIONS,RECEITA_BRUTA,Receita Bruta,1,SIM,
DRE Pro Forma,2,Deduções,Deductions,BRL_MILLIONS,DEDUCOES,Deduções,2,SIM,
DRE Pro Forma,3,Receita Líquida,Net Revenue,BRL_MILLIONS,RECEITA_LIQUIDA,Receita Líquida,3,SIM,
DRE Pro Forma,4,Custo da Mercadoria Vendida (CMV),Cost of Goods Sold (COGS),BRL_MILLIONS,CMV,Custo da Mercadoria Vendida,4,SIM,
DRE Pro Forma,5,CMV (ex. D&A),COGS (ex. D&A),BRL_MILLIONS,CMV_EX_DA,CMV (ex. D&A),5,SIM,
DRE Pro Forma,6,CMV (ex. D&A ex. IFRS-16),COGS (ex. D&A ex. IFRS-16),BRL_MILLIONS,CMV_EX_DA_EX_IFRS16,CMV (ex. D&A e IFRS 16),6,SIM,
DRE Pro Forma,7,Arrendamentos (Impacto IFRS-16),Leases (IFRS-16 Impact),BRL_MILLIONS,IMPACTO_IFRS16_CMV,Impacto IFRS 16 no CMV,7,SIM,
DRE Pro Forma,8,Depreciação e Amortização,Depreciation and Amortization,BRL_MILLIONS,DEPRECIACAO_AMORTIZACAO_CMV,Depreciação e Amortização no CMV,8,SIM,
DRE Pro Forma,9,Lucro Bruto,Gross Profit,BRL_MILLIONS,LUCRO_BRUTO,Lucro Bruto,9,SIM,
DRE Pro Forma,10,Despesa Total,Total Expenses,BRL_MILLIONS,DESPESA_TOTAL,Despesa Total,11,SIM,
DRE Pro Forma,11,Despesas,Expenses,BRL_MILLIONS,DESPESAS,Despesas,12,SIM,
DRE Pro Forma,12,Fixas,Fixed,BRL_MILLIONS,DESPESAS_FIXAS,Despesas Fixas,13,SIM,
DRE Pro Forma,13,Variáveis,Variable,BRL_MILLIONS,DESPESAS_VARIAVEIS,Despesas Variáveis,14,SIM,
DRE Pro Forma,14,Eventuais,Eventuals,BRL_MILLIONS,DESPESAS_EVENTUAIS,Despesas Eventuais,15,SIM,
DRE Pro Forma,15,Arrendamentos (Impacto IFRS-16),Leases (IFRS-16 Impact),BRL_MILLIONS,IMPACTO_IFRS16_DESPESAS,Impacto IFRS 16 nas Despesas,16,SIM,
DRE Pro Forma,16,Depreciação e Amortização,Depreciation and Amortization,BRL_MILLIONS,DEPRECIACAO_AMORTIZACAO_DESPESAS,Depreciação e Amortização nas Despesas,17,SIM,
DRE Pro Forma,17,Perda por Impairment,Impairment losses,BRL_MILLIONS,PERDA_IMPAIRMENT,Perda por Impairment,18,SIM,
DRE Pro Forma,18,EBIT,EBIT,BRL_MILLIONS,EBIT,EBIT,23,SIM,
DRE Pro Forma,19,Resultado Financeiro,Financial Results,BRL_MILLIONS,RESULTADO_FINANCEIRO,Resultado Financeiro,24,SIM,
DRE Pro Forma,20,EBT,EBT,BRL_MILLIONS,EBT,Lucro antes dos Tributos (EBT),25,SIM,
DRE Pro Forma,21,IRPJ e CSLL,Income Tax and Social Contribution,BRL_MILLIONS,IRPJ_CSLL,IRPJ e CSLL,26,SIM,
DRE Pro Forma,22,Lucro (Prejuízo),Profit (Loss),BRL_MILLIONS,LUCRO_LIQUIDO,Lucro Líquido,27,SIM,Conta oficial do lucro líquido
DRE Pro Forma,23,Lucro Bruto,Gross Profit,BRL_MILLIONS,,,,NAO,Duplicada da linha 9
DRE Pro Forma,24,Margem Bruta,Gross Margin,RATIO,MARGEM_BRUTA,Margem Bruta,10,SIM,
DRE Pro Forma,25,EBITDA,EBITDA,BRL_MILLIONS,EBITDA,EBITDA,19,SIM,
DRE Pro Forma,26,Margem EBITDA,EBITDA Margin,RATIO,MARGEM_EBITDA,Margem EBITDA,20,SIM,
DRE Pro Forma,27,EBITDA (pré IFRS-16),EBITDA (ex. IFRS-16),BRL_MILLIONS,EBITDA_PRE_IFRS16,EBITDA pré-IFRS 16,21,SIM,
DRE Pro Forma,28,Margem EBITDA (pré IFRS-16),EBITDA Margin (ex. IFRS-16),RATIO,MARGEM_EBITDA_PRE_IFRS16,Margem EBITDA pré-IFRS 16,22,SIM,
DRE Pro Forma,29,Lucro Líquido,Net Income,BRL_MILLIONS,,,,NAO,Duplicada da linha 22
DRE Pro Forma,30,Margem Líquida,Net Margin,RATIO,MARGEM_LIQUIDA,Margem Líquida,28,SIM,